employed,bank_balance,annual_salary,actual_default,predicted_default,default_probability
1,11893.92,513212.28,0,0,0.15656211159057168
1,21885.0,642316.32,1,1,0.9572317582865396
1,9943.92,341132.04,0,0,0.06813403286446972
1,2901.72,494234.16,0,0,0.0024735752083507832
1,9523.32,299678.52,0,0,0.0564358220842082
1,0.0,511399.2,0,0,0.0006152904732884526
0,4149.6,191615.88,0,0,0.0023572140758832275
0,10223.76,170051.04,0,0,0.04180963698097705
1,16041.6,369445.92,0,1,0.5769663907117846
1,7132.32,291282.72,0,0,0.01863363720387733
1,17022.72,407526.84,0,1,0.6857450357896995
0,9390.48,247122.36,0,0,0.028365922028426666
1,10206.24,428205.96,0,0,0.07642312124979828
1,14243.52,401278.08,0,1,0.3650535770353978
1,14514.48,489669.36,0,1,0.39516821684147596
0,13976.04,279565.92,0,0,0.20855918637566542
1,13097.04,517093.92,0,0,0.24849417004527533
1,13950.84,261042.36,0,1,0.33392393656230596
1,14247.36,678042.84,0,1,0.36388708016742854
0,14096.64,156309.24,0,0,0.21879825100166195
1,10774.32,570690.24,0,0,0.09771769964229067
1,5080.92,490132.08,0,0,0.0070088683460115785
1,6209.52,474523.08,0,0,0.011991952160769804
1,11954.16,695670.0,0,0,0.1598083564707631
1,375.12,539649.24,0,0,0.0007360665598734136
1,0.0,498285.0,0,0,0.0006154909422478674
1,15164.16,308345.76,0,1,0.4727021036910508
1,11605.68,423229.44,0,0,0.13941640777430975
0,8804.64,325985.76,0,0,0.021521615544822254
0,11251.32,239546.4,0,0,0.06658059737190473
0,13885.68,254669.04,0,0,0.20159034724450745
1,3188.16,490353.0,0,0,0.002837379640080733
0,11200.2,186691.56,0,0,0.06515180635946717
1,11876.28,334278.96,0,0,0.15603208959389614
0,7363.92,300485.88,0,0,0.01090229231015043
0,19673.16,176193.36,0,1,0.8027269342642241
1,7285.08,325747.68,0,0,0.02000602880908224
1,20534.04,222949.2,1,1,0.9220292421003549
1,14850.6,448645.8,0,1,0.4345553253582064
0,16812.84,261735.24,0,1,0.507102199663009
1,0.0,539773.8,0,0,0.0006148569509938479
1,7395.0,509240.28,0,0,0.020973182581452383
0,12497.28,298174.56,0,0,0.11467365011446026
0,19160.4,258975.24,0,1,0.7604694441281329
1,17239.8,462855.96,0,1,0.7074682406538503
0,7574.04,132910.68,0,0,0.01209490852149821
0,10484.16,211868.52,0,0,0.047066981333834655
0,17644.08,235765.68,0,1,0.605403766192234
1,938.04,675050.16,0,0,0.0009609466353986757
1,10075.2,551935.68,0,0,0.07189485334009446
1,10749.0,426382.08,0,0,0.09696502675304484
1,21770.04,339874.08,0,1,0.9552374829397161
1,3307.92,375119.76,0,0,0.0030133449629647637
1,14581.8,621659.88,0,1,0.4021277099639994
0,12826.32,249652.56,0,0,0.1318467168415696
1,12525.12,378284.28,0,0,0.20137574065052666
1,23899.8,505600.44,1,1,0.9833524775542306
1,0.0,362496.6,0,0,0.0006175704995361017
1,7445.52,492709.2,0,0,0.0214855468105767
0,10319.28,191600.64,0,0,0.04366306292848868
1,17625.48,462262.44,0,1,0.7442643365314902
1,7307.4,317560.44,0,0,0.02022118244125825
0,20041.56,176962.68,0,1,0.8292371236939371
1,1139.16,326555.4,0,0,0.0010674280356779602
0,2252.16,219345.96,0,0,0.0009488293597716415
0,4511.04,248880.96,0,0,0.0027985394150768467
1,18836.76,367251.48,0,1,0.8391612300945168
1,10144.92,703633.92,0,0,0.07390154225128501
1,9550.8,530180.04,0,0,0.056834420073019254
1,15031.8,424585.68,0,1,0.4561828712642463
0,18284.64,188507.52,0,1,0.6762653836832068
1,10763.76,429069.0,0,0,0.09758125502385437
1,10633.8,293593.56,0,0,0.0925068107379753
1,5892.48,454027.32,0,0,0.010321841030235411
1,7877.16,318619.2,0,0,0.026412493322285322
1,12876.36,474645.96,0,0,0.22943116823094944
1,9150.84,546322.68,0,0,0.04735938581693827
1,17203.8,535412.88,0,1,0.7035033835097887
1,7348.56,496557.24,0,0,0.02052668315005272
1,22328.88,474612.48,0,1,0.965292334583998
1,7687.92,557574.84,0,0,0.024034877526449033
1,20186.4,365298.6,0,1,0.9088642504681519
1,7454.04,386022.6,0,0,0.021627730329455707
0,5427.6,239071.68,0,0,0.004339343959735792
0,5820.12,279135.96,0,0,0.005229073246570423
0,9010.32,203187.96,0,0,0.023772482554220358
0,9307.08,204366.96,0,0,0.027311442818372493
0,10985.28,199492.08,0,0,0.059125969313381224
1,4360.08,531909.48,0,0,0.0049639817262732465
1,3674.28,367044.12,0,0,0.003591306610667127
0,14286.48,243494.04,0,0,0.23438192989386558
0,18418.2,260140.2,0,1,0.6897577052133352
1,16801.92,628121.76,0,1,0.6612432013252068
1,5201.4,430307.16,0,0,0.007433989705570571
0,12579.24,247909.68,0,0,0.11885920707520443
0,12324.84,292163.28,0,0,0.10654924494296862
1,4887.48,544514.88,0,0,0.006382807240875956
0,26150.64,183633.36,1,1,0.9891457445852166
1,7302.6,270666.12,0,0,0.02019864219953333
1,11064.0,378644.76,0,0,0.11115161357612822
1,13956.96,545865.0,0,1,0.3330033270898431
0,5614.92,305092.92,0,0,0.004737886664619647
1,15625.56,768201.12,0,1,0.5251615693356272
1,18868.2,454742.04,1,1,0.840896853556824
0,20379.48,141178.32,0,1,0.851107468803869
1,14615.4,527952.12,0,1,0.4065729170392208
0,16330.44,267731.16,0,1,0.4493544311581243
1,11154.96,485304.72,0,0,0.11526810816763283
1,3912.48,305976.12,0,0,0.004030633522535431
0,9221.4,257970.36,0,0,0.026205908464259055
1,6087.96,672901.2,0,0,0.011264931802183489
1,6590.04,779431.32,0,0,0.014253556313966293
1,0.0,694781.04,0,0,0.0006124940507813178
1,15778.8,404478.72,0,1,0.5457029700762759
1,6016.68,514274.28,0,0,0.010932723153064509
0,9472.56,253686.12,0,0,0.02946748713277468
1,0.0,557411.64,0,0,0.0006145876245203126
0,12431.64,366379.32,0,0,0.11134584656726733
1,6869.64,633569.16,0,0,0.016325518653506253
1,0.0,442211.64,0,0,0.0006163488387809456
1,8586.0,569790.84,0,0,0.03650329915386957
1,12277.8,524385.84,0,0,0.18241695227913687
1,4092.0,576700.56,0,0,0.004362419938407204
1,0.0,363449.88,0,0,0.000617555875901034
1,12074.4,606021.12,0,0,0.16802159851215528
1,6467.4,427610.4,0,0,0.013566231258259932
1,5990.04,537282.96,0,0,0.01078921487123693
1,2362.92,428851.2,0,0,0.0019140829022723518
1,8045.64,291187.08,0,0,0.028592484659063475
1,18105.0,367048.08,0,1,0.7859657642630922
0,15300.24,239245.2,0,1,0.3324679295065282
1,6351.12,465775.32,0,0,0.012827254887000539
1,12837.0,389295.36,0,0,0.22647973445923927
1,1092.0,628651.08,0,0,0.001035763969694276
0,8937.48,268117.2,0,0,0.022938287650152905
1,13104.0,416454.12,0,0,0.24958675242419337
0,18223.56,227105.88,0,1,0.6696019047684624
1,1331.04,698226.72,0,0,0.0011595358934895859
1,14860.44,507858.36,0,1,0.43535437515133396
1,8462.4,430368.12,0,0,0.034588732869085634
1,5216.4,586780.44,0,0,0.007458456447253123
0,9838.92,199020.36,0,0,0.03498061515020175
1,17458.32,386269.08,0,1,0.7290697012439641
1,5775.72,428973.0,0,0,0.009770809740191467
1,7101.48,556574.88,0,0,0.018246375847095833
0,16071.72,252382.32,0,1,0.4189518492402248
1,17479.68,289069.2,0,1,0.7315647524695855
1,15383.04,681341.04,0,1,0.49662160287737617
0,20717.76,163855.2,1,1,0.870469542276738
0,16686.12,190626.12,0,1,0.4923394567847376
1,5782.32,395138.88,0,0,0.009809672696125683
1,3829.56,411561.24,0,0,0.003863860875617855
1,7041.72,484240.2,0,0,0.01777094973114795
0,16183.8,261472.56,0,1,0.4320461597201744
1,2354.4,319350.72,0,0,0.001911471757998885
0,7322.28,228121.56,0,0,0.010707902023230166
1,0.0,472053.0,0,0,0.0006158921310885927
1,9946.32,552730.2,0,0,0.06787370737105805
1,0.0,557535.84,0,0,0.0006145857284279487
1,11093.28,491849.88,0,0,0.11226695132262345
1,9375.48,440934.84,0,0,0.052598711596509966
1,1797.84,407386.44,0,0,0.0014608238328125867
1,17482.2,482238.36,0,1,0.7308588233528734
1,13759.68,544518.72,0,1,0.3123213453988093
1,8976.72,573302.16,0,0,0.043700276865464564
1,5453.88,475299.84,0,0,0.008374414275397146
1,4514.88,309853.92,0,0,0.005374231521108155
1,2551.8,355106.04,0,0,0.0020991746288394402
0,14646.96,159222.72,0,0,0.26725105529265386
1,0.0,542823.48,0,0,0.0006148103745256173
1,9688.92,526246.56,0,0,0.0604998276469848
1,4814.16,476240.16,0,0,0.006173854380961021
0,16585.08,186627.0,0,1,0.48024976103762546
1,10218.72,398534.16,0,0,0.07689932983316755
1,13620.6,587786.76,1,0,0.29794146494437984
1,8287.68,323872.68,0,0,0.03197694113120281
1,10843.44,245333.04,0,0,0.10141668537977605
1,3933.6,286383.96,0,0,0.004073508265221802
0,13611.6,227901.84,0,0,0.18134357674457122
0,14789.04,289119.6,0,0,0.28016403172537463
0,6096.6,179111.52,0,0,0.005981478080227159
0,20895.24,222528.6,0,1,0.8796208638191456
1,9193.44,619368.72,0,0,0.048207095321798475
1,12862.8,657501.72,0,0,0.22748284670087443
1,13314.36,831900.96,0,0,0.26694549147185376
0,10749.84,237907.56,0,0,0.05309581877233513
1,3550.08,367227.24,0,0,0.003384161705833417
0,11707.68,311043.84,0,0,0.08142239355254766
1,4430.64,574021.08,0,0,0.005128755695378677
1,3896.88,184938.24,0,0,0.004012692185882411
1,14932.68,406563.6,0,1,0.44451774835412905
1,913.56,643133.04,0,0,0.0009504854151411821
1,11387.64,545483.16,0,0,0.12699001919138453
1,1071.96,438191.76,0,0,0.0010307220167630345
0,15685.08,216990.6,0,1,0.37477718835961343
0,12396.72,185436.36,0,0,0.11013818049016914
1,5508.0,397962.6,0,0,0.008609298744682253
1,8988.48,644537.52,0,0,0.04386245774022029
0,13259.4,138348.0,0,0,0.15787921654656198
1,8924.28,129299.64,0,0,0.04311339853056753
1,7686.24,363931.32,0,0,0.024129043802102228
1,2483.4,636702.72,0,0,0.0020173737430003347
0,6896.04,273772.2,0,0,0.008734273468434877
1,13427.16,599857.08,0,0,0.27883121472393874
0,14397.72,234456.36,0,0,0.2441400332657668
0,10924.56,229965.72,0,0,0.057484301452503835
1,11252.88,299192.64,0,0,0.12063839674651519
0,7106.04,224210.88,0,0,0.00966338633771109
1,13854.96,733073.16,0,1,0.32120417324443806
1,1887.36,496984.8,0,0,0.0015214751658413762
1,18749.4,516807.96,1,1,0.8329043361647198
1,0.0,356100.48,0,0,0.000617668627114321
1,15712.92,413639.76,0,1,0.537796501629067
1,0.0,566775.24,0,0,0.0006144446920364411
1,13372.8,572568.24,0,0,0.27374983293062194
0,1226.04,315196.32,0,0,0.0005786528138657449
0,23451.84,205649.64,1,1,0.9614458455507685
0,10461.84,117462.84,0,0,0.046693144183515514
0,10719.96,142868.16,0,0,0.05249674524898676
1,11385.36,289137.48,0,0,0.1275762254023735
1,5313.96,660889.56,0,0,0.007798956471677254
1,8916.36,302237.16,0,0,0.042780475581842246
0,15983.76,248068.08,0,1,0.4087369516633481
1,16481.4,589221.6,0,1,0.6262034845042724
1,4578.84,589378.68,0,0,0.0055026954851329175
1,18845.04,594021.72,0,1,0.8389367481935293
1,15547.32,476612.88,0,1,0.5175991009316205
1,7452.48,609656.16,0,0,0.021494670399766193
1,10745.28,313657.2,0,0,0.09705405440099912
1,19736.4,737699.16,1,1,0.8884097713399031
1,14886.84,427186.68,0,1,0.4389655358177687
0,13012.56,250577.52,0,0,0.14241679289841197
0,12066.24,265536.96,0,0,0.09535427129637342
1,13155.0,512221.32,0,0,0.2537485135372412
1,2579.76,560327.28,0,0,0.0021166740159822804
1,3780.12,536286.0,0,0,0.003761955997471525
1,8331.96,504497.52,0,0,0.03249994859181417
1,7283.64,523320.36,0,0,0.019896493441711162
1,13516.92,421508.16,0,0,0.28848552213777723
0,21277.8,122134.44,0,1,0.8979782870396716
1,9345.96,531087.96,0,0,0.051786958472984715
0,16222.2,310686.0,0,1,0.43627351420230354
0,7767.12,226870.2,0,0,0.013223298913054375
0,11631.0,202368.48,0,0,0.07890783753967011
0,12435.84,169301.4,0,0,0.11203184971931027
1,6786.12,469311.72,0,0,0.01575727150679607
0,21713.52,225656.64,0,1,0.9154074345539289
0,7103.88,105782.16,0,0,0.009681651963950644
1,23115.0,558422.4,0,1,0.9758896212702118
1,21573.24,564824.64,1,1,0.9507591906140512
1,8174.52,447446.76,0,0,0.03024752246470241
1,10011.12,336274.08,0,0,0.07021855696364109
1,10928.88,482672.52,0,0,0.10466138842217608
1,3837.24,432688.8,0,0,0.0038760467992626554
0,11228.28,304347.84,0,0,0.06579753792031882
1,3960.84,549088.56,0,0,0.004100146899036131
0,9828.36,265112.64,0,0,0.03475476718677462
0,12674.16,202482.12,0,0,0.12383664956197654
1,4653.12,409036.68,0,0,0.0057267486425633275
1,12165.48,603227.88,0,0,0.17423170294793627
1,11692.92,526341.6,0,0,0.14420002998253234
1,7422.84,341727.36,0,0,0.02133609053620035
1,5831.28,557368.92,0,0,0.010000583857433838
1,16075.56,499872.0,0,1,0.5801503485379803
0,14728.44,145537.8,0,0,0.27504677901670677
1,53.52,563646.0,0,0,0.0006304721916419035
1,16247.04,478549.92,0,1,0.6001828649113456
0,13584.96,188106.36,0,0,0.17959872788077152
1,6335.76,479411.52,0,0,0.012729973737353599
0,8085.72,212067.48,0,0,0.015380198341584668
1,14281.92,368956.56,0,1,0.36952339480457375
1,13894.32,653037.72,0,1,0.325773844513647
0,20178.84,240716.04,0,1,0.8381513313611978
1,5388.6,379498.92,0,0,0.008137381119700738
1,13637.52,572655.24,0,0,0.2997219150677861
1,11760.48,383730.72,0,0,0.14869625703159814
0,2011.68,201258.84,0,0,0.0008458623517059344
1,8485.32,224111.04,0,0,0.03513133555837877
1,3264.24,357283.32,0,0,0.0029523157990664906
0,21548.64,150573.96,0,1,0.9092284452423987
1,5263.56,497456.64,0,0,0.007644731407281301
1,25545.6,505158.0,1,1,0.9923749637567719
0,2447.64,197204.04,0,0,0.0010426401569504672
0,13432.68,240137.64,0,0,0.16889867831312505
1,14565.48,585562.2,0,1,0.40046128626972094
0,11812.32,198933.96,0,0,0.0854762654200321
0,10749.0,177039.6,0,0,0.05315163945559428
1,0.0,269177.4,0,0,0.0006190037237956955
0,22410.6,199800.48,0,1,0.9380077099197244
0,11190.72,251769.72,0,0,0.06477715398203988
0,22033.92,227337.72,1,1,0.9265774022474769
1,14776.2,358414.56,0,1,0.42635050972359717
1,4032.84,463150.92,0,0,0.004252742017936334
0,25541.16,271970.64,0,1,0.985479290203375
0,10729.56,296041.44,0,0,0.052536581573187434
0,13424.4,262181.28,1,0,0.1682648501595819
1,19622.64,572036.88,0,1,0.8833058378848129
0,14196.84,158530.56,0,0,0.22712007772599824
1,0.0,536546.76,0,0,0.000614906240046014
0,9738.48,165947.64,0,0,0.03341575316063668
1,8386.92,324018.6,0,0,0.03348460230960533
1,5121.12,461949.6,0,0,0.007149413210092369
1,11903.52,598921.2,0,0,0.15688953808515396
1,4462.44,551398.92,0,0,0.005210140544924493
1,20344.68,319485.24,0,1,0.9150530519412212
1,2162.04,256836.96,0,0,0.0017458905138257644
1,0.0,609660.48,0,0,0.0006137904863775268
1,8352.12,431047.92,0,0,0.032863564220332285
0,10116.24,147227.16,0,0,0.03981204790230862
0,4834.92,273027.96,0,0,0.0032657319230222537
1,9911.52,379939.56,0,0,0.06709286232517771
0,16959.24,228775.44,0,1,0.524854154913353
1,8088.36,657992.04,0,0,0.028910476317693425
1,6739.44,466734.6,0,0,0.015414503461106017
1,10881.0,466572.12,0,0,0.10256418087376828
0,10312.08,167923.8,0,0,0.043543489172956064
0,2280.0,296603.52,0,0,0.0009597380189835244
0,21246.36,209365.56,0,1,0.8963862694190045
1,18198.6,472417.68,0,1,0.7929966668047301
1,14256.84,488456.52,0,1,0.3660337785107675
1,7528.2,451397.64,0,0,0.022358341127462877
1,7028.52,519460.8,0,0,0.017645515241397552
1,19620.0,443949.0,0,1,0.8835032435608103
1,10373.52,533148.84,0,0,0.08208974302186443
0,9280.56,227738.28,0,0,0.026960073990024543
1,3798.48,479943.84,0,0,0.0038004261771389875
1,9270.36,278672.88,0,0,0.0503328672037799
1,14104.68,424074.72,0,1,0.3496215434665963
1,2043.12,752497.92,0,0,0.0016290271942798623
0,16380.24,279375.84,0,1,0.45520394660333874
0,16815.36,200196.6,0,1,0.507786826232816
1,5054.04,512657.76,0,0,0.006915797585367012
1,15106.56,490306.44,0,1,0.46469144816568514
1,2462.04,567411.0,0,0,0.0020002729267810924
1,130.56,394397.4,0,0,0.000656962374583336
1,18359.28,442954.8,0,1,0.8054856106426235
1,11649.84,430024.32,0,0,0.1419583848631972
0,7732.92,279835.8,0,0,0.012993913628610309
1,6261.6,266508.72,0,0,0.01235469400031254
1,1344.36,480684.96,0,0,0.0011732837803572031
1,17635.2,521243.4,0,1,0.7448728144922121
1,19593.72,401470.8,0,1,0.8823083513472624
1,0.0,354087.72,0,0,0.0006176995095680405
1,16855.56,572546.16,0,1,0.6672929100161206
1,4901.88,431814.72,0,0,0.006444703297021397
0,16516.08,205217.16,0,1,0.47187407581219665
1,11451.12,389490.12,0,0,0.130846797431143
1,12789.96,476627.4,0,0,0.22217344296464692
0,17823.24,123610.32,0,1,0.6264022337448955
0,22407.72,296645.76,1,1,0.937786989095768
0,13566.48,250354.8,0,0,0.17806894663888928
1,15633.36,608514.12,0,1,0.5270845326929045
1,8838.48,556994.16,0,0,0.041025774977111344
0,2962.44,194514.48,0,0,0.0013345884987973255
1,14632.2,411723.48,0,1,0.40921813068475155
1,16270.44,546455.4,0,1,0.6024707862767341
1,4698.72,549870.24,0,0,0.005832397578283404
0,16017.36,245621.28,0,1,0.4126548387078162
1,11676.96,327471.24,0,0,0.14386500653332
0,19255.32,185606.64,0,1,0.7689937368964015
1,8051.76,660037.08,0,0,0.02841994086844827
1,4296.0,362604.24,0,0,0.004834556794386123
1,1043.04,415666.8,0,0,0.0010170966086909625
1,13507.92,417097.44,1,0,0.28762210683753964
0,7799.16,161700.24,0,0,0.013446945462543445
1,7867.56,483095.16,0,0,0.02618979768142561
1,16589.4,484731.72,0,1,0.6388551213723247
1,3077.28,482728.56,0,0,0.002691226782212671
1,15707.88,381326.4,0,1,0.5373948050164985
0,9196.92,267563.76,0,0,0.025901708780434577
0,13229.16,208701.36,1,0,0.1557289831979296
1,13026.24,440955.84,0,0,0.24255002240255327
0,17516.28,186905.04,0,1,0.5909528772538806
1,11613.0,555336.84,0,0,0.13944398667724323
0,8698.8,199717.56,0,0,0.020540481913615592
0,10372.32,125817.24,0,0,0.04480846887165717
0,17541.96,231026.88,0,1,0.5936644745085022
1,8828.76,278702.16,0,0,0.04111445425481081
1,16362.36,668556.48,0,1,0.6122679230472304
1,7039.08,546238.08,0,0,0.0177219998112798
1,0.0,319183.68,0,0,0.0006182352994673545
0,4945.92,212154.24,0,0,0.0034490213814500565
0,11558.28,153594.12,0,0,0.07649356238454041
1,13522.68,393246.96,0,0,0.28919770927712274
1,14189.28,417417.48,0,1,0.35894832885116706
1,12520.68,543719.4,0,0,0.20037358039436728
1,15681.6,585594.12,0,1,0.5329940039288424
1,6942.0,552370.56,0,0,0.016926287861435803
1,11260.68,223129.56,0,0,0.12123740019729519
1,5692.56,431769.0,0,0,0.009391433804868649
1,5640.48,351709.56,0,0,0.009179789716490203
1,22071.84,457249.08,0,1,0.9609293229085432
0,1962.0,210548.76,0,0,0.0008257570349021378
1,9701.16,350554.8,0,0,0.06108459577529467
1,1530.6,396846.0,0,0,0.0012855272215575404
1,9883.32,418278.36,0,0,0.06619168784866147
0,7507.2,193610.52,0,0,0.011700057746264375
1,2998.32,571225.44,0,0,0.002585720740775234
1,4831.56,705945.48,0,0,0.006190087246869925
1,10815.48,535132.2,0,0,0.09955264889697366
1,9013.44,447650.4,0,0,0.04457559879062868
0,3760.8,216860.28,0,0,0.0019554891820414847
0,12495.72,144945.36,0,0,0.11498466021787244
0,12278.52,212339.64,0,0,0.10463695885721642
0,12052.32,161068.56,0,0,0.0950025016534593
1,3281.4,629913.0,0,0,0.0029566167993122193
0,22082.64,317768.64,0,1,0.9280024725751619
1,10524.36,420659.4,0,0,0.08793680968118502
1,0.0,471957.72,0,0,0.0006158935887649257
0,12130.2,197145.0,0,0,0.09818596777950177
1,3550.44,228648.36,0,0,0.0033963835229663545
1,0.0,613470.24,0,0,0.000613732402937236
1,0.0,407194.2,0,0,0.0006168851955203604
1,8095.2,807347.4,0,0,0.028898427689670665
1,0.0,337129.92,0,0,0.0006179597600733803
1,1891.92,505508.76,0,0,0.001524481248395111
1,12554.16,585025.56,0,0,0.2027946904034386
0,9249.96,226760.76,0,0,0.02657807237300933
0,15767.76,240365.16,0,1,0.3839838094429885
0,13284.0,367423.44,0,0,0.1586937504840896
1,12910.32,529543.56,0,0,0.23208232156977165
1,9503.4,574638.24,0,0,0.05556907642948535
0,9236.52,135151.68,0,0,0.026470299431376066
1,4836.48,350411.76,0,0,0.0062593598308740405
1,3462.36,528972.36,0,0,0.0032321091803651308
0,9541.68,295273.8,0,0,0.030400765848121167
0,2932.56,237276.84,0,0,0.0013142140468775576
0,24272.04,220040.88,0,1,0.9736528342947307
1,11868.72,544131.0,0,0,0.15487091945677667
1,7738.32,465536.16,0,0,0.02466388004554457
1,15676.2,427833.12,0,1,0.5333248782370724
0,19964.28,238172.4,0,1,0.8236995501659335
1,1528.92,596827.68,0,0,0.0012781316082866835
0,21484.92,275441.16,0,1,0.9064095270093392
1,13660.8,289180.2,0,1,0.3035599384621466
1,10658.88,497870.28,0,0,0.09309279455632949
0,0.0,266255.64,0,0,0.00032172743735556545
1,12470.88,607846.92,0,0,0.1963195726101907
1,7678.44,418554.72,0,0,0.02400921050440127
1,4963.2,377594.64,0,0,0.0066448162799048
1,13900.56,732657.12,0,1,0.3259970616201573
1,8515.92,455906.52,0,0,0.03543515738954234
0,15186.36,176067.12,0,1,0.32079220540969144
1,2580.84,573787.2,0,0,0.0021170623214763467
1,13374.48,420536.76,0,0,0.27466236034105806
1,13034.28,633136.92,0,0,0.24238145722724275
1,2783.64,509591.52,0,0,0.002336710827727016
1,11072.04,401345.88,0,0,0.11147754414018955
0,8826.96,167720.28,0,0,0.021832226676236313
0,11263.32,292705.2,0,0,0.06685696718391207
1,5938.8,167764.32,0,0,0.010625986128868163
1,3010.08,697668.24,0,0,0.0025921808511812157
1,4262.04,365290.8,0,0,0.0047564478392623
1,10477.56,412232.4,0,0,0.0861682830338693
0,25619.16,243970.32,1,1,0.98601500238461
0,12960.84,134874.36,0,0,0.13975710151068785
1,20583.36,721651.56,0,1,0.9228361124541847
1,0.0,351303.24,0,0,0.0006177422353253466
0,8391.6,237474.36,0,0,0.017758189243961595
1,10392.6,537927.24,0,0,0.08277343386393293
1,7851.36,452479.08,0,0,0.026011489997184275
1,8960.04,484254.72,0,0,0.04345883521855023
1,12220.44,572679.96,0,0,0.17817088813795962
1,13308.36,357115.68,0,0,0.2686948557539857
1,4598.64,182799.84,0,0,0.0056110527165900955
0,14184.0,217233.96,0,0,0.22578492002570297
1,21016.2,460579.08,1,1,0.9367761388845399
0,26191.2,249368.28,1,1,0.9893355575218427
1,3898.2,634066.2,0,0,0.0039708282707635045
1,12120.84,473482.92,0,0,0.1716284952710689
0,9058.32,227962.08,0,0,0.02429845887621077
1,14921.4,494218.8,0,1,0.4426437061306929
1,12684.24,655832.52,0,0,0.21278106192868737
0,20668.32,231737.04,0,1,0.867576595932697
1,8740.44,541580.64,0,0,0.03922833206349783
1,4960.32,516854.28,0,0,0.006612920953131006
1,13952.4,326479.92,0,1,0.33372874459170976
1,6770.52,638359.44,0,0,0.015577003223296443
0,15534.0,125571.84,0,1,0.35846812593277627
1,12225.24,429761.04,0,0,0.1790300058573287
0,12590.88,279989.76,0,0,0.1193617434238173
1,2946.12,375686.88,0,0,0.0025341578261159634
0,9740.28,240201.0,0,0,0.03338406148763865
1,5586.0,508297.92,0,0,0.00891053927607025
1,10815.84,518911.32,0,0,0.09960429179341959
1,6893.4,488731.68,0,0,0.016568228902013742
1,4231.68,472856.88,0,0,0.004675502994532305
1,12445.56,520418.64,0,0,0.1947497238211714
0,8747.88,208326.24,0,0,0.021015409969249034
0,6504.72,109630.68,0,0,0.00727887983332458
1,7264.44,468026.76,0,0,0.019744159073911832
1,3299.52,289228.68,0,0,0.003007651399167146
1,7720.92,343921.68,0,0,0.02453601634598056
1,8007.48,798460.08,0,0,0.027745967801430016
1,0.0,426929.16,0,0,0.0006165828608365591
1,9252.24,571376.88,0,0,0.049574851485216266
0,22279.32,214144.08,0,1,0.9342190220025199
1,1604.88,365484.24,0,0,0.0013331618541495202
0,9647.64,198645.24,0,0,0.03201057400287248
0,0.0,239034.72,0,0,0.00032194511795819125
1,280.32,680243.04,0,0,0.0007008958967234739
1,11007.84,482326.08,0,0,0.10826721894308311
0,17097.24,262235.16,0,1,0.5411327915617087
1,7425.6,311130.84,0,0,0.021379675380381317
1,14887.92,371262.48,0,1,0.4394355805198463
0,3954.72,232461.72,0,0,0.0021450007655245884
1,8586.48,601535.52,0,0,0.03648365644158623
0,18682.8,231266.88,0,1,0.7164066206840276
1,18706.32,505347.72,0,1,0.8300469061935813
1,13108.2,536604.12,0,0,0.24940503262015454
1,1926.0,229592.28,0,0,0.0015602312387191831
0,12067.08,190217.76,0,0,0.09555072139516371
0,12212.04,162637.08,0,0,0.1017978693447766
1,9016.68,358500.6,0,0,0.04473647594353194
1,13357.56,325327.2,0,0,0.2735173720671321
0,17286.36,250584.24,0,1,0.5636445719688052
1,20570.28,633349.08,0,1,0.9225448393292123
1,584.76,455494.8,0,0,0.0008156253157997966
1,10600.68,460907.76,0,0,0.09083686736459465
1,15534.24,336012.6,0,1,0.5169040745392195
0,3903.36,191552.52,0,0,0.0020950034348040532
1,5279.52,338585.76,0,0,0.007733307810945694
1,17427.96,452301.24,0,1,0.7258552533515572
1,10671.72,396434.88,0,0,0.09382856099246138
1,7800.6,553655.16,0,0,0.025339134250452044
0,9812.16,268078.68,0,0,0.03449240531616836
0,11035.08,89898.72,0,0,0.06062472972968037
1,12894.12,498548.16,0,0,0.23083619282432258
1,3151.2,585147.36,0,0,0.0027810854387585126
1,5311.08,467368.2,0,0,0.007825525477588765
1,19393.32,396554.28,0,1,0.8719608314595766
1,10533.48,362876.64,0,0,0.08840420241858919
0,23143.08,210842.4,0,1,0.9555553248617106
1,15632.76,524160.84,1,1,0.5275353469296006
1,14814.96,577349.76,0,1,0.42957273877616653
1,9750.36,700067.16,0,0,0.061946372527592115
0,7633.2,249165.96,0,0,0.012403492081019141
1,9939.24,434899.92,0,0,0.06784400870244606
1,8375.76,357591.84,0,0,0.033284817435831136
1,13893.12,390894.0,0,1,0.3270798254271023
1,10683.0,416153.76,0,0,0.09424806301147248
1,0.0,577349.76,0,0,0.0006142833151724961
0,4841.52,184006.56,0,0,0.003283292761651373
1,7398.48,383102.16,0,0,0.021072083729781605
1,11993.88,455028.24,0,0,0.16319998967631325
1,1364.04,462159.96,0,0,0.0011849507212689178
0,15509.4,98772.48,0,1,0.3559100280665723
1,17431.2,347868.48,0,1,0.7266804538286219
1,4894.32,573914.52,0,0,0.006399014531519953
0,9920.88,226282.8,0,0,0.036309428597666116
0,5578.08,229454.76,0,0,0.004663951845818249
0,11110.8,251431.08,0,0,0.06249220564164763
0,14771.52,246885.48,0,0,0.27868223870369885
1,13991.28,507027.12,0,1,0.33688776621749406
1,9556.68,571205.88,0,0,0.0569311217145294
1,16048.68,618090.0,0,1,0.5762872447331642
0,3023.64,141095.52,0,0,0.0013761417643495422
1,20761.32,585201.6,0,1,0.9289273793706904
1,18422.64,423386.76,0,1,0.8102809790191976
0,20448.12,215841.12,0,1,0.855004434311827
1,4200.84,544257.0,0,0,0.0045989887207296765
0,17658.48,179515.92,0,1,0.607387143051372
0,3017.64,232486.68,0,0,0.0013690805708851071
0,27706.68,229323.24,0,1,0.9948213192198293
1,7629.72,485968.56,0,0,0.02342893513674918
1,8490.84,585484.8,0,0,0.034917308223072326
1,14919.96,499676.16,0,1,0.442439732677166
1,20967.12,453831.48,0,1,0.9353766201604741
0,14242.68,171080.76,0,0,0.23095002284150923
1,10368.6,332281.32,0,0,0.0822882221394296
1,4547.64,473904.12,0,0,0.005436846206955163
1,23073.96,674430.96,1,1,0.975352545716612
1,9938.76,506954.64,0,0,0.06771628821612637
1,5012.76,374475.48,0,0,0.006804211611876385
1,10078.44,469898.88,0,0,0.07213504844588185
1,4687.32,457002.6,0,0,0.00581408319633771
1,10966.92,645711.96,0,0,0.10600008367455568
1,6672.96,304454.52,0,0,0.014997107384962313
0,12710.4,140908.56,0,0,0.12590467396787886
1,18251.76,450126.48,0,1,0.7972433990706369
1,13633.8,461695.32,0,0,0.2999260597504029
1,11622.24,500579.88,0,0,0.1401409575380696
1,18958.92,544878.12,0,1,0.8463452883028395
1,12319.56,732772.68,0,0,0.18464430311292157
1,9030.12,227524.44,0,0,0.04515311662003551
1,12313.56,469627.68,0,0,0.18519606449110945
1,4050.96,626307.24,0,0,0.004272444022100909
1,6419.64,528951.96,0,0,0.013229933673163316
1,14684.52,773282.64,0,1,0.41312228823440944
0,7828.44,145668.72,0,0,0.01364002458332626
1,5404.08,240961.2,0,0,0.008225613682968447
0,11138.76,251192.28,0,0,0.06328343556967655
1,4954.68,505478.64,0,0,0.006597014131942951
0,9234.36,276582.48,0,0,0.0263532466085729
0,11863.68,265025.4,0,0,0.08729211208178017
0,9241.32,183416.64,0,0,0.02649877025829567
0,16953.12,218813.52,0,1,0.5241833087395105
1,10027.92,530810.04,0,0,0.07042962116307333
1,4965.0,537640.32,0,0,0.0066242930384554114
1,3270.36,392245.32,0,0,0.0029584107958783657
0,4548.96,219364.44,0,0,0.002851880323375923
1,9809.16,481056.6,0,0,0.0639317793315935
1,0.0,317918.88,0,0,0.0006182547233318761
1,12087.36,541488.48,0,0,0.169118230270624
1,11384.28,476058.36,0,0,0.1270025319123999
1,10985.52,406653.12,0,0,0.10741745518276069
0,10061.52,237670.56,0,0,0.03873629196761503
1,0.0,614721.12,0,0,0.0006137133332714153
0,6331.8,213839.64,0,0,0.006685803401500791
1,14484.48,506063.88,0,1,0.391634785104723
1,12649.44,501380.76,0,0,0.2106341952805471
1,14218.08,414332.28,0,1,0.362153019275535
0,8860.68,193119.36,0,0,0.022166863363922786
1,17954.76,450411.96,0,1,0.773221784838208
1,0.0,636699.12,0,0,0.0006133783752450805
1,0.0,407011.08,0,0,0.0006168880015668904
0,9243.96,348709.68,0,0,0.026425573106074046
1,2529.6,413626.8,0,0,0.0020739592141618387
1,15210.6,122806.56,0,1,0.47941203242345953
0,7702.68,196804.32,0,0,0.012835196569198687
1,8653.08,496933.68,0,0,0.03771841638938611
1,9324.24,568429.44,0,0,0.051232284971552855
1,25141.32,535771.08,1,1,0.9907501752369333
0,6246.72,219075.48,0,0,0.006419165771395189
1,12899.88,334017.48,0,0,0.23205539831409264
1,7101.12,500043.12,0,0,0.01826846424961968
0,10534.56,218611.32,0,0,0.048156265091865956
1,18558.6,687201.96,0,1,0.8191408370239697
1,7937.16,271323.72,0,0,0.027194315621628266
1,219.48,518974.8,0,0,0.000683470421671581
1,15350.4,432757.32,0,1,0.49424985526193443
1,11333.4,569559.96,0,0,0.12406666920788759
1,6761.88,565709.4,0,0,0.015541142273399042
1,4912.92,643493.52,0,0,0.006444943911622877
1,9016.8,659920.92,0,0,0.04441984153577393
1,12889.68,420654.96,0,0,0.2308015671873562
1,18495.84,390100.56,0,1,0.8157476276151384
0,10163.52,247918.2,0,0,0.04059108719381972
0,9684.0,191580.0,0,0,0.03256130962375648
1,11157.0,432858.24,0,0,0.11550110914388785
1,15628.8,185620.08,0,1,0.5291585799707105
0,12301.08,348231.96,0,0,0.10533705237774223
1,11447.16,391681.68,0,0,0.13062460295437917
0,12582.48,124704.72,0,0,0.11934365133400611
0,5443.68,117240.12,0,0,0.004386021308665808
0,26592.24,250940.4,1,1,0.9911860759252816
1,1396.2,369184.2,0,0,0.0012061421954696408
0,6508.68,171535.2,0,0,0.007281496401649402
0,13815.6,172617.24,0,0,0.1965526159361365
1,3655.2,489431.88,0,0,0.0035479134558303455
0,6762.48,288984.48,0,0,0.008193297775727837
1,2052.0,512989.56,0,0,0.001645725936625118
1,2302.92,667913.64,0,0,0.001848849059215457
1,21274.32,504961.32,1,1,0.943670100952163
1,21451.2,399753.72,0,1,0.9481454164219225
1,14210.52,419886.96,0,1,0.3612833725344963
1,0.0,752962.08,0,0,0.0006116094946061976
1,14116.92,687824.4,0,1,0.3494667783675815
1,8998.56,342971.04,0,0,0.044382636871957246
1,7053.36,370315.68,0,0,0.017918495407873936
0,8068.32,293940.48,0,0,0.015223696545332416
0,6401.88,176487.6,0,0,0.0069193130114913555
0,18831.6,164537.88,0,1,0.7310164371322555
0,14101.56,185339.16,0,0,0.21907868738023895
0,14067.24,273511.44,0,0,0.21590227124139888
1,14803.44,593378.04,0,1,0.4281208183718676
1,2945.28,649596.48,0,0,0.0025159947275615623
1,4614.36,432232.92,0,0,0.005618564859681458
1,14979.36,493207.56,0,1,0.44952380340813536
1,12999.36,543125.04,0,0,0.23972445169840115
1,7369.68,209674.92,0,0,0.020876745972734954
1,13756.32,538080.24,0,1,0.312009425952433
0,16696.08,219713.04,0,1,0.4933536502370117
1,16223.52,289632.84,0,1,0.5985996389249515
0,0.0,166937.28,0,0,0.00032252237937507053
1,16901.28,576154.92,1,1,0.6721271093884086
1,2191.56,379487.28,0,0,0.001765379404129145
1,10999.2,497189.16,0,0,0.10783194882413674
0,14216.76,237573.24,0,0,0.2284563058175624
1,13119.36,226131.0,0,0,0.2518604290735033
1,12063.48,408123.36,0,0,0.1679765190687667
0,17073.24,168534.36,0,1,0.5388498739869059
0,16227.48,283927.8,0,1,0.43706052307341975
0,11390.76,300488.52,0,0,0.07076296289650519
0,18948.84,253214.4,0,1,0.7415143092163562
0,8859.24,168756.96,0,0,0.022165007393156928
1,11592.6,122096.76,0,0,0.1395612483901238
1,1299.0,543174.72,0,0,0.0011462646596301807
1,6003.0,205248.6,0,0,0.010944785193285358
1,15890.4,130707.96,0,1,0.5606237144903087
0,5474.88,211891.32,0,0,0.004441488154145763
0,11682.12,249245.76,0,0,0.08062329968660885
0,0.0,349278.96,0,0,0.0003210644237218785
1,3435.12,346059.84,0,0,0.003204750241520196
1,9857.88,416872.68,0,0,0.06544306791189147
0,15492.96,205638.12,0,1,0.3534959401246936
1,9064.32,637098.24,0,0,0.04542270154905725
1,13572.6,466010.88,0,0,0.29377248019565905
1,8375.16,428479.92,0,0,0.033218919648236186
1,5909.16,310187.88,0,0,0.010440820053831987
1,2330.04,344917.92,0,0,0.00188809651431356
1,6178.44,604070.28,0,0,0.011778945864857743
1,7509.0,355730.52,0,0,0.022209366429563056
1,2621.04,304813.56,0,0,0.002172664426867303
0,5710.2,239925.12,0,0,0.004966490648632206
1,3010.56,619946.76,0,0,0.0025977771318237875
1,7092.48,370016.52,0,0,0.018252058807797893
1,5528.16,445551.24,0,0,0.008682095726606677
1,22983.96,256332.6,0,1,0.9745514720089677
1,7780.08,226123.32,0,0,0.02529698136564671
1,2439.6,636668.28,0,0,0.001975489773266836
1,5521.68,632502.72,0,0,0.008615587080179508
0,17436.12,191196.0,0,1,0.5815949542186832
1,10171.32,507696.6,0,0,0.07511109495398535
1,3283.68,262939.56,0,0,0.0029868846589537067
1,12622.2,445923.24,0,0,0.2086960861910647
1,15008.16,444148.92,0,1,0.4532489157473733
1,9666.24,520604.52,0,0,0.05989192596321263
0,12923.76,176020.56,0,0,0.1375097369683561
1,9607.32,603894.6,0,0,0.05820569901430702
1,6713.64,734253.72,0,0,0.015128294098274656
1,5310.72,334781.64,0,0,0.007849808375866216
0,9084.0,320092.68,0,0,0.024537529060792
1,12289.68,547031.64,0,0,0.18318467792797324
1,1490.76,615186.6,0,0,0.0012543918147446152
1,3967.44,140787.0,0,0,0.004154882761292016
1,17906.28,468054.0,0,1,0.7690377187309156
1,13173.12,506747.64,0,0,0.25542481314314236
1,5127.96,666036.84,0,0,0.007136721033414358
1,4966.68,637704.24,0,0,0.0066132420301498055
0,18690.36,205587.72,0,1,0.717272717106016
0,2118.36,182107.08,0,0,0.0008906858542120387
1,11946.36,289519.32,0,0,0.1606629785043963
1,15982.8,466838.4,0,1,0.5694699723742012
0,13123.68,177489.24,0,0,0.14928644505222585
1,8008.92,373800.36,0,0,0.028050965524426808
1,7483.44,648098.4,0,0,0.021789075021123247
1,1362.84,393645.96,0,0,0.0011862852975439008
1,14233.2,604247.16,0,1,0.3627392286439157
1,10244.4,555498.96,0,0,0.07749947744373938
1,2867.76,364952.4,0,0,0.0024414937477299854
1,14216.16,455255.4,0,1,0.3617052983685826
1,26741.64,329260.2,1,1,0.9957097384069081
1,6820.2,467567.52,0,0,0.01601366453227038
1,15648.84,314631.84,0,1,0.5307558491260369
1,13770.84,384153.24,0,1,0.31433140769085555
0,12722.64,273551.28,0,0,0.12618866654441688
1,21469.08,579973.56,1,1,0.9483467505954398
1,11896.08,533346.96,0,0,0.156632942535631
1,9053.76,379106.4,0,0,0.045481009881880224
1,12180.6,372316.92,0,0,0.17610952094626436
0,15471.0,163494.6,1,1,0.3513295160358127
1,0.0,368216.76,0,0,0.0006174827555540797
1,19706.28,293331.72,0,1,0.8880710682112639
1,6395.76,670167.48,0,0,0.013035895565057068
1,6468.96,435305.52,0,0,0.013573693837881519
1,7963.92,613621.08,0,0,0.027309265320926812
1,618.36,442222.92,0,0,0.0008291479950126488
1,6514.08,586773.0,0,0,0.013815351681097784
1,9268.56,443968.08,0,0,0.05009571762090167
1,8911.56,454377.84,0,0,0.04253196808296632
1,9739.2,459884.64,0,0,0.0619820203051169
0,16616.88,277004.04,0,1,0.48349970242691104
1,12231.0,494344.44,0,0,0.17920047876340764
1,15453.24,462085.44,0,1,0.5064072277484943
1,5509.2,540524.04,0,0,0.008584007867209809
1,2903.28,574116.96,0,0,0.0024705254366140053
0,13853.4,171613.92,0,0,0.19943753909383938
1,14429.52,513823.68,0,1,0.38532226700629457
1,12760.08,471615.36,0,0,0.2197262510454536
1,19066.56,541121.4,0,1,0.8529561882090473
0,21094.2,209118.24,0,1,0.8894046599045281
1,10053.0,372214.8,0,0,0.07148301515113399
0,4628.4,220229.28,0,0,0.0029623286755422027
1,9100.68,489016.92,0,0,0.046347853271388614
1,5393.64,551408.04,0,0,0.008122432480072592
0,13768.2,230266.92,0,0,0.1927615180604431
1,2363.88,495779.88,0,0,0.0019117864936236226
1,0.0,505418.4,0,0,0.000615381890118547
0,7003.2,182156.28,0,0,0.009211792449753061
1,4800.72,361923.48,0,0,0.006151746850694404
1,6348.84,526976.04,0,0,0.012794177462833645
1,2424.84,345770.16,0,0,0.0019757775274170494
1,17580.36,223202.52,0,1,0.7412618291793321
0,15733.2,254270.88,0,1,0.3799862686835981
1,4319.04,626977.44,0,0,0.004856195324510083
0,13715.28,251304.0,0,0,0.1887598334912057
1,10878.48,324897.24,0,0,0.10277717026065661
1,11648.64,580651.8,0,0,0.14143300917554086
1,7144.44,377025.84,0,0,0.018701163286526892
1,10068.48,439988.4,0,0,0.0718653028674059
1,5845.44,665513.4,0,0,0.010041342343088065
1,12492.84,497827.44,0,0,0.198422507094758
0,8570.16,239950.32,0,0,0.019315412558059398
1,4689.0,461307.6,0,0,0.005818127085590553
1,10119.48,500309.04,0,0,0.07341321513661966
1,11858.52,582844.32,0,0,0.15410573814257875
1,19647.84,520379.52,0,1,0.8846778841816839
1,14434.56,147457.56,0,1,0.3880556013487125
1,12072.6,324024.84,0,0,0.16888238967318528
1,16565.76,298279.68,0,1,0.6373050223535481
1,13693.92,531998.52,0,1,0.30564879842620546
1,7434.72,401720.04,0,0,0.021424197003249146
0,12378.0,295635.6,0,0,0.10899435642893716
1,11320.8,423380.76,0,0,0.12380452837053113
1,6042.12,745381.32,0,0,0.011002866694225111
1,15613.92,344083.8,0,1,0.5263969492775472
1,13138.68,460112.64,0,0,0.252512462378403
1,14560.2,472129.44,0,1,0.4005297486896023
1,8650.32,513044.64,0,0,0.03765584952282533
1,15837.84,438585.84,1,1,0.5525090987821195
0,14849.4,247925.64,0,0,0.28625294795709283
1,17051.88,409517.04,0,1,0.6887427125186487
1,0.0,344541.12,0,0,0.0006178460072812467
1,2680.32,619951.2,0,0,0.0022178298295856915
1,7740.96,518934.24,0,0,0.024662434504370452
1,1018.32,645125.64,0,0,0.00099940165387428
0,12462.72,204669.6,0,0,0.11323346672649097
1,0.0,315303.12,0,0,0.0006182948961775434
1,5010.48,380770.44,0,0,0.0067957639408339765
1,8979.48,547523.88,0,0,0.04378248860076154
1,11265.48,174292.32,0,0,0.12161267842569963
1,4635.24,549314.52,0,0,0.0056584385462068966
0,7405.08,273619.92,0,0,0.01112474354668093
1,7364.88,683416.32,0,0,0.02059089241847737
1,11781.6,595739.04,0,0,0.1493134743970324
1,11117.88,599039.64,0,0,0.11318142561517423
0,16187.52,250443.24,0,1,0.4325516330042461
1,3156.0,213871.32,0,0,0.0028132521613964123
0,17439.72,182204.76,0,1,0.5820697365252526
1,6094.92,548733.24,0,0,0.011336740063189236
1,2494.8,626991.72,0,0,0.0020289087623540075
0,16409.16,283411.32,0,1,0.4586235103470947
1,5512.68,451567.32,0,0,0.008617102755354551
1,17568.36,524401.68,0,1,0.7387132022834674
1,7212.96,547288.2,0,0,0.019234361139185616
1,18811.32,465424.32,1,1,0.837173983711612
0,25038.48,214724.64,1,1,0.9816156500481269
1,15242.16,530224.32,0,1,0.4806654136068622
0,18612.24,228330.12,1,1,0.7094907939802739
1,7416.6,203332.08,0,0,0.02134538072247215
0,12433.44,180813.0,0,0,0.11188886911475157
0,14050.92,233684.28,0,0,0.21474603044595172
1,434.88,588911.76,0,0,0.0007565427651048257
0,13820.76,277794.6,0,0,0.1965308952780667
1,3492.96,281755.32,0,0,0.0032999221764777706
1,10238.88,353808.6,0,0,0.07766863008800036
1,21550.56,310542.24,0,1,0.9505450072593717
1,11609.28,620093.04,0,0,0.1390370800548437
1,19154.76,515922.96,0,1,0.8582630695632318
1,4264.32,789587.04,0,0,0.004711913811183327
1,13567.32,527239.8,0,0,0.2929316537392499
1,6652.08,372347.04,0,0,0.014825112204579653
0,20313.0,284926.08,0,1,0.8465548493896424
0,21525.48,272886.6,0,1,0.9080532988820358
0,12058.08,242990.52,0,0,0.09506515111498344
0,15025.56,166331.28,0,1,0.30426455681454173
1,2926.08,566326.68,0,0,0.0024981246291702354
0,23111.88,245300.04,0,1,0.9548780904026101
1,0.0,432740.4,0,0,0.000616493862309437
1,11464.08,555721.32,0,0,0.1310845261165017
0,9647.52,158074.44,0,0,0.03204004876968707
1,7102.32,377265.36,0,0,0.018333639350494653
1,6087.0,553274.76,0,0,0.011292951523124109
1,7706.76,429600.96,0,0,0.024323283873723966
1,13734.36,491987.16,0,1,0.30999634733530884
1,12744.72,429373.56,0,0,0.2186441985836149
1,15875.64,623475.48,0,1,0.5558562198060268
0,5809.08,144543.72,0,0,0.005218920971466096
1,12566.88,526797.12,0,0,0.2040184538870036
1,0.0,601526.16,0,0,0.0006139145202647122
1,13796.64,694686.24,0,1,0.31533770658752847
1,10237.92,435269.4,0,0,0.07749076338561003
0,13048.92,204727.08,0,0,0.14470259554140072
0,0.0,221115.12,0,0,0.000322088498005094
1,6366.6,535530.72,0,0,0.012899585374030133
1,6864.0,509814.84,0,0,0.016331443840121956
1,5993.52,466789.92,0,0,0.010825803330572866
1,17832.6,416464.32,0,1,0.7629286128767071
1,4977.6,453904.44,0,0,0.0066780003653334275
1,14223.48,479119.32,0,1,0.3623797899839046
1,5697.96,495465.96,0,0,0.009400822257050882
1,0.0,496673.28,0,0,0.0006155155841545711
1,12769.08,416135.16,0,0,0.22070484835262372
0,7634.52,233621.16,0,0,0.012415992239191381
0,6862.68,187593.24,0,0,0.00861500158447999
1,7753.92,548361.96,0,0,0.024794814683371098
0,18986.76,242576.28,0,1,0.7450377280944697
1,13484.64,674612.16,0,0,0.28403464706071047
1,13260.0,441752.52,0,0,0.26374965474053497
1,8845.8,606537.36,0,0,0.04111564962748949
1,4969.56,490526.76,0,0,0.006646438104473842
1,0.0,340364.52,0,0,0.000617910110373423
0,11758.56,162269.04,0,0,0.08355040697993249
1,309.6,529100.28,0,0,0.0007134820174663865
1,3247.08,401880.12,0,0,0.002924935574893496
1,19713.84,562283.4,1,1,0.8877669100822899
0,10508.04,224244.6,0,0,0.04756980312007768
1,10171.68,398392.56,0,0,0.07531207996644772
0,6945.12,250918.08,0,0,0.008945645221288165
1,16830.12,554493.36,0,1,0.6646764932865468
0,2219.16,133515.24,0,0,0.0009359256101077693
1,19030.32,512513.88,0,1,0.8508513879848875
0,9339.0,285670.92,0,0,0.027666995172098162
1,3430.92,519163.56,0,0,0.003184629221258726
1,5907.0,505718.4,0,0,0.010380071487829523
1,12728.64,603125.52,0,0,0.21659482356160958
1,9016.08,512837.16,0,0,0.044560562892984344
1,12440.16,539085.6,0,0,0.19427094491760535
0,9292.92,147478.32,0,0,0.02716881744920925
0,10333.2,190483.32,0,0,0.04394406957810751
0,6604.56,243873.24,0,0,0.0076082215718797745
1,15731.4,347741.52,0,1,0.5404074073803079
1,16672.68,476495.88,0,1,0.6480721197870687
1,8157.96,524310.48,0,0,0.029959670414052487
1,4986.48,529766.64,0,0,0.006693783873991143
1,22066.44,385552.08,1,1,0.9608989076953942
1,16171.68,707437.08,0,1,0.5900971285443006
1,10103.4,645348.24,0,0,0.07264668982797508
1,5256.96,536851.92,0,0,0.007613334925869197
0,11686.8,259080.36,0,0,0.08077180784768996
1,0.0,392694.12,0,0,0.000617107427557181
1,17644.2,588225.6,0,1,0.7453770208125504
1,4330.68,450981.48,0,0,0.004904573109645718
0,9680.04,208316.04,0,0,0.03248841031411914
1,8839.68,662255.04,0,0,0.040945577921582585
0,7659.12,255391.8,0,0,0.012554899632838535
1,13390.8,259755.72,0,0,0.27702534279526003
0,10728.12,216027.96,0,0,0.05260120927011499
1,4872.12,511706.88,0,0,0.006341356653001683
1,10287.12,412879.32,0,0,0.07923642164054635
1,0.0,415787.64,0,0,0.000616753527948332
1,8612.04,335475.24,0,0,0.037153222188032846
1,1953.36,407225.88,0,0,0.0015738697512307333
1,12276.6,232252.8,0,0,0.1834160964444277
1,6840.6,505893.72,0,0,0.01615353890586974
1,12677.28,375224.88,0,0,0.21339040955865787
1,0.0,631587.96,0,0,0.0006134562561102711
0,7131.72,169915.68,0,0,0.009795140943748526
1,0.0,466538.04,0,0,0.0006159765094207748
0,16727.04,199901.76,0,1,0.49719141757692503
1,5544.0,397888.32,0,0,0.008758054928559267
1,17432.16,521025.96,0,1,0.7259164822303743
1,0.0,377020.44,0,0,0.0006173477364819324
1,10305.12,349804.08,0,0,0.07998433575940271
0,9112.8,224318.28,0,0,0.024928378338297155
0,8976.72,208353.72,0,0,0.023398138469489172
0,5747.04,236762.28,0,0,0.005055038504006853
0,7283.4,320626.44,0,0,0.01048812159281632
1,4351.32,471552.96,0,0,0.0049506415783062375
1,12779.76,548853.36,0,0,0.22101930869766595
1,9766.32,400293.72,0,0,0.06283031830299601
0,3738.36,222413.16,0,0,0.0019343142833754949
0,18588.48,236427.48,0,1,0.7070929343817034
1,7932.72,429672.6,0,0,0.027034275772475656
0,14392.68,226609.56,0,0,0.24372985026426106
1,9696.0,432912.96,0,0,0.06082565948447091
0,23080.56,155282.76,0,1,0.9543235657893985
1,9802.68,629908.2,0,0,0.06352544481653298
1,11727.84,423555.36,0,0,0.14660011924934366
0,18688.08,220855.08,0,1,0.7169737405523998
1,8005.68,538356.84,0,0,0.027897462112675284
1,14475.12,415461.24,0,1,0.39110107203295075
1,2750.52,817741.56,0,0,0.0022824345388060227
0,0.0,311712.84,0,0,0.0003213642525965803
1,4620.0,304568.4,0,0,0.005651513385915209
1,11706.84,345648.0,0,0,0.1455842768289091
0,21858.24,189628.68,0,1,0.9206988725493276
1,20939.28,527737.32,0,1,0.9344517484259568
0,0.0,291400.08,0,0,0.00032152649270504764
0,0.0,111857.52,0,0,0.0003229640827034275
1,9969.24,551507.76,0,0,0.06857496940985101
1,13947.6,570157.44,0,1,0.3318723226815995
1,6866.28,431116.56,0,0,0.01638052053799505
0,2558.04,273737.52,0,0,0.0010972298503108852
1,3201.12,310379.28,0,0,0.0028677974466760486
0,7794.36,160903.92,0,0,0.013416677977997869
1,5675.4,765117.48,0,0,0.009238965663146803
1,8916.72,491334.72,0,0,0.0425954639571886
1,17436.96,441939.96,0,1,0.7267651513695951
1,10731.36,438162.48,0,0,0.09620071412347662
0,7171.2,255559.32,0,0,0.009959641659028495
1,9890.88,639843.36,0,0,0.0660756735083227
1,7507.44,643863.24,0,0,0.022038230256382865
1,9936.0,645675.84,0,0,0.06741560378926928
0,11541.6,160668.84,0,0,0.07591757550997616
1,15398.76,570179.88,0,1,0.4991986034881099
0,14349.72,238880.76,0,0,0.23989357922890986
1,3692.28,506650.2,0,0,0.003609853177836898
1,4271.16,385443.84,0,0,0.00477483368970668
1,49.32,459914.4,0,0,0.0006308266397723011
1,6455.16,547382.4,0,0,0.013448281966084753
1,6477.72,431095.32,0,0,0.013631513401296265
1,16036.32,266946.12,0,1,0.5769696610649971
0,13271.16,157514.52,0,0,0.1585675538494677
0,967.2,193747.68,0,0,0.0005126278031485355
1,7135.2,434289.12,0,0,0.018593957766698328
1,0.0,600915.12,0,0,0.0006139238385474729
1,5810.64,362142.96,0,0,0.009950667104512301
0,11326.08,200421.36,0,0,0.06890799812741559
0,16432.92,217732.2,0,1,0.46186207891683045
0,21332.28,258886.8,0,1,0.9000437110209011
1,3163.92,609393.96,0,0,0.0027963880527590353
1,12382.44,560704.44,0,0,0.18988841966803333
0,4625.16,259435.92,0,0,0.0029548666777580537
0,16602.84,206940.36,0,1,0.48225181420583274
1,14107.08,228361.68,0,1,0.35099084405112857
1,9012.36,546980.64,0,0,0.04444854787289811
0,6013.32,317108.4,0,0,0.005728875758688226
1,12187.32,518625.48,0,0,0.17604987770170952
1,17644.08,313640.88,0,1,0.7466592593076307
0,15744.6,341797.68,0,1,0.38076315463847504
1,14021.88,487386.84,0,1,0.34028622936990094
1,9540.36,410036.04,0,0,0.05672598326145548
1,4850.28,500021.04,0,0,0.006277455898564155
0,0.0,240861.84,0,0,0.0003219305022129422
1,0.0,549520.68,0,0,0.0006147081034062692
1,1091.16,509420.88,0,0,0.0010384165181880497
1,16956.0,639550.44,0,1,0.6775445030357531
1,5334.12,503492.88,0,0,0.007904812530028298
1,16409.28,551035.08,0,1,0.6182901255585718
1,10124.4,610700.04,0,0,0.07338721186127886
1,4732.92,632701.92,0,0,0.0059162348280631565
1,8305.92,451107.12,0,0,0.03215050184730526
0,18873.6,294688.2,0,1,0.7343312082886763
1,1012.2,708266.16,0,0,0.0009949121083655808
1,4575.12,670754.76,0,0,0.005481894870635029
1,0.0,583707.0,0,0,0.0006141863182530278
0,9520.2,137944.68,0,0,0.030212698591859294
0,17529.0,299524.32,0,1,0.5917518138202679
1,12063.0,495699.0,0,0,0.1676403675861766
0,19234.2,190877.64,0,1,0.7671646451071452
1,12220.56,370161.84,0,0,0.17891760557152311
1,828.24,498798.96,0,0,0.0009156585184093818
0,13013.4,320565.6,0,0,0.14225365009755778
1,16707.96,584514.36,0,1,0.6513150021074895
1,11369.04,462069.36,0,0,0.1262320690014995
0,6812.64,178707.84,0,0,0.008414113305263898
1,12347.4,254619.6,0,0,0.18847560212354927
1,9308.76,444264.0,0,0,0.05102155172963412
0,18142.68,273528.84,0,1,0.6606989795345801
0,21719.16,83821.68,0,1,0.9158888064638304
1,6759.48,620650.92,0,0,0.01550267178708082
0,21555.24,253514.16,0,1,0.9092787133016458
0,15328.44,236102.16,0,1,0.3354960702019736
0,16990.68,273883.56,0,1,0.5283365862060903
1,5527.2,465818.16,0,0,0.008673798293107349
0,7959.0,245455.44,0,0,0.014473917993023774
1,18832.56,508975.56,0,1,0.8384122927892416
1,14804.52,869535.6,0,1,0.4265679057430495
1,8218.92,177084.0,0,0,0.031080660283878157
0,14436.36,191429.4,0,0,0.24777798628765152
1,0.0,362073.72,0,0,0.000617576986768007
1,8659.08,611429.76,0,0,0.03771965089063676
0,17590.2,212144.88,0,1,0.5993502372481734
0,16420.56,197396.64,0,1,0.46051348742563136
0,15586.8,179703.12,0,1,0.36400530588709956
1,4845.72,486422.04,0,0,0.006265921761589416
1,16503.6,429730.92,0,1,0.6296191963917369
0,0.0,219020.76,0,0,0.00032210525976786536
0,14204.28,156979.92,0,0,0.22775431379464003
1,12769.8,338305.56,0,0,0.22109725760906804
1,5926.92,448910.16,0,0,0.010493398925385335
1,20050.2,653307.24,0,1,0.9026756510142065
1,7270.32,414182.4,0,0,0.019824845659472626
1,0.0,677921.88,0,0,0.0006127506080682565
0,21112.92,138674.16,0,1,0.8904562986750241
1,1809.36,385277.76,0,0,0.0014697179312935732
1,291.12,432841.68,0,0,0.000708878688713604
1,20659.8,578833.56,0,1,0.9256532238529328
1,17953.2,531718.8,0,1,0.7727357537816548
1,16634.52,534437.88,0,1,0.6435531794208685
1,3924.48,616187.28,0,0,0.0040228101808872955
1,977.04,612532.92,0,0,0.000980607432268564
1,13775.76,486188.28,0,1,0.31429376947371407
1,12664.92,359606.04,0,0,0.21246124914548284
1,17180.88,453519.48,0,1,0.701629879353759
1,9225.72,564041.28,0,0,0.048987017480384476
0,9379.32,146351.64,0,0,0.028287427114336308
1,9653.64,562431.84,0,0,0.059494115964514954
1,18739.56,395434.08,0,1,0.83266674502272
1,13674.84,436363.44,0,1,0.30421160075094245
0,19638.24,210400.08,0,1,0.7999232394891095
1,4059.24,453206.88,0,0,0.004307799544052376
1,4106.28,385857.0,0,0,0.004413083399916506
0,2859.84,206329.8,0,0,0.0012701667081440385
1,7041.36,391468.56,0,0,0.01780822144074993
1,7141.8,552143.4,0,0,0.018598310989053637
1,5019.6,596040.24,0,0,0.006789198159028785
1,12834.48,665058.6,0,0,0.22507018705096193
1,3258.6,394201.44,0,0,0.002941665365830669
1,11944.92,490890.0,0,0,0.1598963105541498
1,0.0,372998.64,0,0,0.0006174094138116161
1,5795.76,430142.28,0,0,0.009864030725500917
1,12567.0,470664.72,0,0,0.20425448166303023
0,13004.52,204486.24,0,0,0.14208571549336638
0,0.0,138454.68,0,0,0.0003227507155799923
0,9693.0,225124.2,0,0,0.03267130273212064
0,8645.28,294994.56,0,0,0.019983552741656963
1,14344.32,505288.32,0,1,0.37573285431072423
0,13238.64,268930.92,0,0,0.156130825968589
1,133.68,626351.04,0,0,0.0006541664055489327
1,8297.04,482791.92,0,0,0.031993740573854894
1,12219.0,630116.88,0,0,0.17786085392453205
1,8305.68,564457.08,0,0,0.0320593749304695
0,13381.32,230028.84,0,0,0.1655011675878461
1,11850.84,594508.8,0,0,0.1535881308189336
0,8447.88,249026.16,0,0,0.018230424727681927
1,917.76,327404.28,0,0,0.0009598978603519341
1,7422.36,659483.88,0,0,0.021167021849263244
0,17482.32,174363.72,0,1,0.5870825159477135
1,9155.04,603526.44,0,0,0.04738619578900881
1,12765.24,418971.36,0,0,0.22037589474103828
0,10262.76,184184.52,0,0,0.04255170553790524
1,3424.8,472782.84,0,0,0.0031789689007678274
1,10998.84,509836.8,0,0,0.10778509143790728
0,3797.52,225767.28,0,0,0.00198975085921627
1,3649.8,286403.28,0,0,0.0035566014629199658
1,0.0,599478.96,0,0,0.0006139457403624705
1,12061.56,522020.4,0,0,0.16745271864915723
1,9663.72,688633.56,0,0,0.05958938678187551
0,10110.84,207354.24,0,0,0.03965613169362035
1,16789.56,318060.24,0,1,0.6616405096117791
1,24653.4,448401.24,1,1,0.9883627528061686
1,10693.92,432277.08,0,0,0.09466209500179713
1,1511.28,531125.76,0,0,0.00126943800396724
1,9181.56,475205.76,0,0,0.04810996672943471
1,2645.4,398559.84,0,0,0.00219305591562868
0,7865.4,219187.2,0,0,0.01385577788459245
1,4377.24,382286.16,0,0,0.005023384213887175
1,10499.04,300279.84,0,0,0.08720483474901553
1,5035.68,671615.88,0,0,0.006828688609823731
1,0.0,234867.6,0,0,0.00061953149931887
0,7417.44,296385.96,0,0,0.011183937242771554
1,4124.64,644465.52,0,0,0.004423572574533899
1,8438.76,692151.36,0,0,0.033997494037659226
0,2848.56,256520.16,0,0,0.00126174406518649
1,12028.2,516578.04,0,0,0.16525097222494856
1,11545.68,725465.52,0,0,0.13511662026878402
0,4503.72,232105.92,0,0,0.0027899113271362256
1,6743.16,374314.92,0,0,0.01547658814568396
1,11126.04,405381.84,0,0,0.1140606381782972
1,19859.16,398157.36,0,1,0.8949151779635003
1,0.0,544567.92,0,0,0.0006147837340192513
0,10487.16,358449.0,0,0,0.04696825403655571
1,12984.84,367529.52,0,0,0.2392500380098507
1,0.0,202017.6,0,0,0.0006200372406686478
0,17232.84,258137.52,0,1,0.5572702125096051
1,0.0,475847.04,0,0,0.0006158340893659405
1,8539.92,428894.4,0,0,0.035854202854018455
0,20373.0,228252.84,0,1,0.8504378230553739
1,18328.32,407082.36,0,1,0.8032877075925549
0,13325.4,179585.28,0,0,0.16199757476457244
0,10634.64,153552.72,0,0,0.05048397554457304
1,6226.8,554310.6,0,0,0.01206695480861169
1,8601.12,618342.0,0,0,0.036716697800397366
0,5066.28,172398.84,0,0,0.003656988655642472
1,3103.56,399935.28,0,0,0.002730894024313234
0,11823.12,363547.56,0,0,0.08556168215710133
1,0.0,617764.68,0,0,0.0006136669366718894
1,14820.96,584250.72,0,1,0.43023651602681245
0,4319.28,318002.52,0,0,0.0025487158194198024
0,15506.52,276790.2,0,1,0.3545799485434845
0,19386.0,234793.92,0,1,0.779737768290279
1,13110.24,237109.44,0,0,0.25098520576139927
1,15153.12,822949.2,0,1,0.468195518577452
1,9774.6,469782.72,0,0,0.06296275957027957
1,10608.24,442673.16,0,0,0.09117453326410056
1,13708.2,546966.84,0,1,0.30702619502875034
1,10905.24,540394.2,0,0,0.10346971801982661
0,17415.6,170221.68,0,1,0.5793233916551375
0,22195.2,203602.68,0,1,0.9317105251287523
1,9397.44,438176.28,0,0,0.05312988984008947
0,11929.08,208822.2,0,0,0.0899399547986079
0,17998.32,301880.88,0,1,0.6448360127224807
1,6326.28,389173.44,0,0,0.012701008643396773
1,15754.2,772831.32,0,1,0.5405012099146845
1,13819.56,515009.64,0,1,0.31868653281057086
1,4512.36,608979.24,0,0,0.005328220991172061
0,7694.64,279188.28,0,0,0.012760570840205982
1,13715.28,412820.04,0,1,0.3084604713736207
0,18258.0,201966.84,0,1,0.6733861492348182
1,7999.44,539183.28,0,0,0.027815797791365567
1,16280.88,653879.28,0,1,0.6030312950593806
1,3535.56,759420.36,0,0,0.003328244279368066
1,11205.0,627829.8,0,0,0.11737273777745683
1,14817.96,481865.4,0,1,0.43050738483988676
1,11995.56,616628.4,0,0,0.162762048737523
1,12885.96,575220.12,0,0,0.22980405334486786
0,13313.64,259957.56,0,0,0.1609627876023549
1,19470.0,470742.48,1,1,0.875813528762343
1,9029.16,390475.8,0,0,0.04495902614717974
1,11384.4,458974.92,0,0,0.1270560059868937
1,17227.92,378085.08,0,1,0.7067236527487974
1,18304.2,632109.12,0,1,0.8005603965889229
0,14005.32,224118.84,0,0,0.2111178672880317
0,17310.48,156591.84,0,1,0.5670634512561381
1,10188.0,532557.0,0,0,0.0756259562262507
1,13159.08,566825.4,0,0,0.25386235447310246
1,11722.8,394046.04,0,0,0.14638935963920213
0,13761.96,172037.16,0,0,0.1925207985820918
0,10643.4,261511.32,0,0,0.050556946654355624
1,17717.76,608422.2,0,1,0.7519260993548823
0,11412.84,223218.36,0,0,0.07159055916054603
1,12566.76,491696.76,0,0,0.20415081138805077
0,10116.12,264449.64,0,0,0.039698622272977935
1,12802.56,539020.92,1,0,0.22295153303615406
1,8663.04,555238.08,0,0,0.03783951810602334
0,25792.08,181125.96,0,1,0.9871343619638033
0,17663.04,237299.04,0,1,0.6075665687734855
0,17625.6,300465.84,0,1,0.6028978997647525
1,12687.24,512782.56,0,0,0.2136190358399903
1,12712.2,494148.12,0,0,0.21571680092858364
1,3980.16,597074.04,0,0,0.004133274701699371
1,1161.6,376460.76,0,0,0.0010776385288193858
0,14077.2,285732.0,0,0,0.21666111031830831
1,834.72,588891.0,0,0,0.0009164556497815905
0,6469.92,213891.12,0,0,0.007140775868828755
1,13221.6,438665.52,0,0,0.2602009785854573
0,20559.72,209187.24,0,1,0.8615393250763205
1,5967.96,421761.6,0,0,0.010707061682930048
1,22525.32,521307.96,0,1,0.9682806951538894
1,10874.76,560582.76,0,0,0.10207446134339988
1,10860.12,471527.76,0,0,0.10163413526178221
1,15088.08,489722.04,0,1,0.4624893271619679
1,17265.12,288739.8,0,1,0.710867349506223
1,21290.76,515469.96,0,1,0.9440742978344815
1,16346.28,452841.0,0,1,0.6117083923997038
1,8394.84,585285.84,0,0,0.03339757339950138
0,12085.68,206610.12,0,0,0.0962895800853145
1,11536.8,305745.84,0,0,0.13583928656194258
0,22463.28,216929.88,1,1,0.9394376246165405
1,14237.88,604460.76,0,1,0.36325741272087325
0,12313.8,304725.24,0,0,0.10601625800826832
1,0.0,473082.12,0,0,0.0006158763869352387
0,8121.96,203983.8,0,0,0.015648940046178946
1,3293.04,375511.56,0,0,0.002991935247374866
0,0.0,213497.16,0,0,0.00032214947090305134
1,1584.96,620336.88,0,0,0.001312165533438457
0,9894.24,248276.64,0,0,0.03584575717363023
1,10987.08,452642.28,0,0,0.10737965434599349
1,7977.84,394737.6,0,0,0.02763311224195946
1,0.0,360589.2,0,0,0.0006175997607311053
0,4476.72,264227.76,0,0,0.0027518960377313256
1,0.0,563133.36,0,0,0.0006145002802701772
1,5152.2,206504.52,0,0,0.007301965238388312
1,12080.16,400182.96,0,0,0.16912615226035796
0,8265.0,319948.56,0,0,0.016695069948548896
0,8783.4,217409.16,0,0,0.021364326435320213
1,5567.76,519966.6,0,0,0.008831016979836844
0,14371.32,209424.0,0,0,0.2419233844380201
1,5165.64,569544.84,0,0,0.007283340717215888
1,7280.88,539934.72,0,0,0.019862635562007867
1,8332.92,572470.44,0,0,0.03246133528094162
1,13200.12,412296.84,0,0,0.2583468273075301
0,14183.76,206680.44,0,0,0.2258106381845133
0,15610.68,169879.8,0,1,0.36671960380726476
1,2620.56,432537.84,0,0,0.00216529500222734
1,13767.24,538458.6,0,1,0.3131336167446853
1,12438.0,445816.92,0,0,0.19447161395955567
0,6376.32,137046.84,0,0,0.006842179041978954
1,16215.96,559960.68,0,1,0.596110783804517
0,13649.04,194127.24,0,0,0.18415280415859064
0,12256.44,228390.12,0,0,0.10361115627366045
1,9661.2,482842.8,0,0,0.05980862081936712
0,3929.04,179267.28,0,0,0.002121577120136967
0,17494.08,221963.16,0,1,0.5881636184579473
1,19335.96,574731.36,0,1,0.8683500156281665
1,7443.84,630441.36,0,0,0.02139680048648297
0,11711.04,145233.84,0,0,0.08185228655111067
1,4897.44,472659.84,0,0,0.006424588108468711
1,24754.44,370070.16,1,1,0.9889288825662408
1,5656.32,546879.72,0,0,0.009204852586699008
1,11875.68,327827.28,0,0,0.15601528363826825
0,4840.2,236284.2,0,0,0.003276973212255474
0,13731.24,192028.32,0,0,0.19016246015829688
1,18441.48,416818.32,0,1,0.8116921424093722
0,15815.16,168842.04,0,1,0.3898020916363671
1,15264.6,538747.08,0,1,0.48330169380480137
1,16816.2,376836.84,0,1,0.6641713553370651
1,5692.32,696823.44,0,0,0.009329276602152969
1,18551.76,392303.04,0,1,0.8197395931276973
1,0.0,344462.4,0,0,0.0006178472154263281
1,7234.32,454189.56,0,0,0.01947285504724951
0,11944.2,140288.88,0,0,0.09067609358683437
1,7658.76,645753.6,0,0,0.023658067052861855
1,10978.56,477468.72,0,0,0.10692937463044289
0,7098.48,251537.64,0,0,0.009622247172407977
1,3918.24,243725.4,0,0,0.0040479803900541735
1,0.0,438981.6,0,0,0.0006163982932884651
1,6578.52,499772.76,0,0,0.014273545587656597
1,9703.44,282236.04,0,0,0.06124494789957671
1,10972.56,487909.56,0,0,0.10662994814306086
1,10933.56,375182.64,0,0,0.10512313854716435
0,19534.8,210564.0,1,1,0.791858033242904
1,2602.2,445931.28,0,0,0.0021456253316116084
0,1100.76,229844.76,0,0,0.0005460579849667312
1,13013.52,396971.64,0,0,0.2416303969363542
1,4408.2,358866.36,0,0,0.0051011596194889585
1,13256.28,618196.08,0,0,0.2625530630523035
1,11172.48,506704.44,0,0,0.11607388422814555
1,23284.44,493955.16,1,1,0.9777657626646293
1,1072.92,289039.2,0,0,0.0010350226101315681
1,6778.92,429850.68,0,0,0.01571893252174657
1,4169.52,296826.6,0,0,0.004558502694745107
1,12445.92,461884.56,0,0,0.1950051076143757
1,3215.52,553615.44,0,0,0.0028702746975192584
1,517.68,411802.68,0,0,0.0007906608929240693
1,7231.68,840259.8,0,0,0.019266517934929558
1,7605.36,452065.92,0,0,0.023181975816230514
1,483.6,403880.64,0,0,0.0007779957970185556
0,22041.36,185066.76,0,1,0.9268912049176968
1,19156.68,410282.28,0,1,0.8586940423063769
0,3244.68,157901.28,0,0,0.0015292950283815076
1,9101.64,456217.8,0,0,0.04640428546464621
1,4739.88,498897.96,0,0,0.005955570902853979
1,12107.4,374829.36,0,0,0.17106072123688223
1,5480.52,262706.16,0,0,0.008525819538298814
1,9780.84,420214.2,0,0,0.06321261353465271
1,20610.0,465492.72,0,1,0.9241890305243607
0,17892.6,156397.44,0,1,0.6339706813310921
1,14672.88,822779.88,0,1,0.4114704242816418
1,7635.72,600485.04,0,0,0.0234297017373545
1,8006.4,536193.96,0,0,0.0279082940165666
1,11758.2,538428.6,0,0,0.14807207968456024
1,9193.2,497227.08,0,0,0.048341282889512525
0,11065.68,146690.28,0,0,0.061385198698166374
0,12415.2,223368.48,0,0,0.11091750825422034
1,14121.48,366951.0,0,1,0.3517810149993789
0,5643.72,120744.96,0,0,0.004825472121927228
1,18946.2,734641.56,1,1,0.8449326650777017
1,16535.76,416203.32,0,1,0.6332897002555461
0,20631.12,189024.12,1,1,0.8656352948129624
1,13448.4,355366.68,0,0,0.2821149319918543
1,19317.6,465077.4,0,1,0.8676526119999728
1,10620.0,585042.72,0,0,0.09134917987409058
1,12692.52,488491.44,0,0,0.21414665740354188
0,7423.44,250041.48,0,0,0.01122861207530563
1,11437.44,615085.68,0,0,0.12946858022544805
1,2214.36,420700.08,0,0,0.0017829461736609473
1,1871.88,451197.24,0,0,0.0015119465588549709
1,5775.12,402006.84,0,0,0.009774509024158187
1,5428.44,713149.44,0,0,0.00822525306002336
1,14325.12,418911.72,0,1,0.37407631363734306
1,0.0,434990.04,0,0,0.0006164594127573705
1,4683.72,507867.0,0,0,0.005796813130290006
1,12972.72,409659.84,0,0,0.23800287243080528
1,9324.24,633575.28,0,0,0.05115363537584145
1,12957.84,532688.64,0,0,0.23615797213276818
0,12849.0,136601.28,0,0,0.13342230428085494
1,11962.2,599456.4,0,0,0.16064938788392194
0,25062.36,216939.96,0,1,0.9818203743538954
1,15341.16,307087.92,0,1,0.4939220460404205
1,2747.4,606002.16,0,0,0.002291025177791095
1,7416.36,533034.6,0,0,0.021172473502276978
1,9900.0,411330.36,0,0,0.0666990144174263
1,2882.76,300508.8,0,0,0.0024630240800355492
1,14941.08,483486.0,0,1,0.44504125127469035
1,14459.52,297465.24,0,1,0.3900169263948636
1,9947.76,668361.6,0,0,0.06773573208783035
1,3826.56,600828.24,0,0,0.003840284024913178
1,4321.08,533387.04,0,0,0.00487219514588171
1,11731.92,524922.0,0,0,0.14652992145272958
1,19026.36,588137.04,0,1,0.8503710114320969
1,11758.32,484488.6,0,0,0.1482485575630293
0,19075.8,183149.04,0,1,0.7533451600617381
1,12272.16,271062.72,0,0,0.18295288780864438
1,10126.92,287478.24,0,0,0.07401825898232768
1,13671.12,502431.84,0,1,0.30348656247146755
0,11374.68,205133.76,0,0,0.07041211166514036
1,1491.72,533575.68,0,0,0.0012575142738620718
1,5323.56,559332.24,0,0,0.00785433929493186
1,14829.36,421685.52,0,1,0.43221644268034803
1,10956.48,382099.56,0,0,0.10614622684672628
1,7482.36,713295.72,0,0,0.021743532766677
1,15714.72,569189.16,0,1,0.5370501334627229
1,0.0,559085.28,0,0,0.0006145620744801044
1,20071.68,556017.48,0,1,0.9037881268982491
1,17542.68,462708.84,0,1,0.7366247332620726
1,6766.68,649772.52,0,0,0.015544423831826042
1,5889.6,536233.2,0,0,0.01028690613734674
1,6339.0,592732.08,0,0,0.012714128950097731
1,13551.84,560279.76,0,0,0.291225552546709
1,8483.64,553981.8,0,0,0.0348273513241824
0,8238.36,309357.36,0,0,0.01649072186714704
0,12083.64,124377.84,0,0,0.09638227371285199
0,7741.44,193166.64,0,0,0.01307423231933035
1,10842.6,563658.72,0,0,0.10066140752794164
1,9576.96,456971.52,0,0,0.057609953868860656
1,1634.4,251227.44,0,0,0.0013560003151530313
1,13278.48,558780.72,0,0,0.26490886256413526
1,11535.84,363489.72,0,0,0.1356168711168704
1,15034.68,427052.64,0,1,0.4565106082506454
1,8151.24,440337.0,0,0,0.029926608224693292
0,14178.12,141417.6,0,0,0.22562102613606383
0,10494.96,208539.48,0,0,0.0473037569695513
1,4394.4,367583.52,0,0,0.005066561128656429
0,12234.96,190005.48,0,0,0.10274544069026609
1,9788.88,585457.2,0,0,0.06319791916249426
1,8369.88,593721.12,0,0,0.03300628740720932
1,2598.36,346316.28,0,0,0.002146980732590122
0,14957.28,189080.64,0,0,0.2972536499611346
0,10492.2,130140.24,0,0,0.0473318821740134
1,6527.64,412686.0,0,0,0.01396376025554148
1,8987.28,530239.44,0,0,0.04395754498093471
0,15071.64,261092.16,0,1,0.30846404201561406
1,0.0,534574.44,0,0,0.000614936366743365
1,1500.6,600714.6,0,0,0.0012607756650965096
1,9015.6,300163.32,0,0,0.04477630590901881
1,8738.28,630180.84,0,0,0.03910643979368694
1,5766.84,434305.08,0,0,0.009728380705642957
1,7355.52,520714.68,0,0,0.020581848205687734
1,10164.84,426975.48,0,0,0.0750344441129706
0,4134.24,256099.8,0,0,0.0023362014025904926
1,2108.4,480533.64,0,0,0.0016921712913195671
0,7086.84,109720.8,0,0,0.009602616737097782
1,15255.96,526545.72,0,1,0.4823418948661788
1,6700.08,459416.16,0,0,0.01513310319690496
1,22282.92,401347.44,1,1,0.9646078534255423
1,5598.96,296632.8,0,0,0.009012508206285628
1,16898.16,569953.92,0,1,0.6718309927253303
1,8489.28,511879.8,0,0,0.034953744774059485
1,11123.88,585039.72,0,0,0.11350581299954308
1,21911.64,472895.04,1,1,0.9579222437123773
1,0.0,480256.32,0,0,0.0006157666424888832
0,0.0,231380.52,0,0,0.00032200635367983846
0,12605.16,230955.96,0,0,0.12021292640013778
0,4382.64,184501.8,0,0,0.0026359187392439158
1,15426.24,449311.68,0,1,0.503247060133599
1,5.4,383218.08,0,0,0.000618853630317248
1,751.8,533288.52,0,0,0.0008819457262858306
1,15347.16,514737.24,0,1,0.4933517998318998
1,15131.16,332368.08,0,1,0.46860719653952043
1,4893.24,222663.84,0,0,0.006451439957473551
0,4815.96,183984.24,0,0,0.003243390315349676
1,0.0,392646.84,0,0,0.0006171081523137379
1,18752.04,629073.36,0,1,0.832692228333397
0,11405.76,215185.56,0,0,0.07137825547045533
1,17546.64,354890.76,0,1,0.7375124416733707
1,12572.04,412958.4,0,0,0.2048815066970605
0,15221.88,238344.48,0,1,0.32417894441495776
1,9525.96,541074.6,0,0,0.05618432135020199
1,9425.16,449584.32,0,0,0.05378878450681378
1,3121.92,402620.64,0,0,0.0027548160957573107
1,18562.08,613943.76,0,1,0.8196574772010579
1,1631.4,592474.08,0,0,0.0013426308852436373
0,10866.84,288393.6,0,0,0.05592483512713907
1,12614.64,380995.68,0,0,0.20836354924996187
1,18754.08,591636.12,1,1,0.8329581071761821
0,8750.28,219956.64,0,0,0.02103316972365249
1,9703.32,583805.16,0,0,0.06081211861046856
1,12055.68,678399.72,0,0,0.16651946679064705
1,12850.32,432204.0,0,0,0.22741427546500692
1,7892.28,317455.08,0,0,0.026600504765227382
0,13344.0,246595.44,0,0,0.16298584581558462
1,22278.36,401985.96,0,1,0.9645325133647986
1,6336.72,408202.68,0,0,0.01275803957614459
1,11348.28,464574.24,0,0,0.12513029912257867
1,4532.76,596768.4,0,0,0.005381991075512343
0,10331.04,138908.4,0,0,0.043954370932697856
1,10701.0,636538.08,0,0,0.09451832108446914
1,4530.36,336547.2,0,0,0.005410522555831801
0,11608.2,176701.68,0,0,0.07816206070901882
1,0.0,593661.0,0,0,0.0006140344737610088
1,16223.52,523560.48,0,1,0.5972017736350177
1,0.0,436554.24,0,0,0.0006164354607301599
1,14850.36,371611.08,0,1,0.4349975545311009
1,8276.28,289025.16,0,0,0.03183468464500066
1,819.72,627886.8,0,0,0.0009090064706257803
0,0.0,221949.36,0,0,0.0003220818215863434
1,9194.76,557739.48,0,0,0.048306547676256834
1,4452.12,188432.52,0,0,0.0052312691776224005
1,13498.68,503868.36,0,0,0.28627338489927945
1,10401.24,364806.72,0,0,0.08341724018518754
0,21486.48,263258.52,0,1,0.9064986949185685
1,13223.76,434782.2,0,0,0.2604191888242526
1,8305.92,470393.4,0,0,0.032135588731117486
1,15998.4,405394.8,0,1,0.5716787815898947
1,8287.2,522136.08,0,0,0.031817653362992325
1,14053.92,328056.0,0,1,0.34464092120066736
1,15325.44,509674.92,0,1,0.4907776336082326
1,0.0,594309.0,0,0,0.0006140245900677278
1,13422.84,558941.64,0,0,0.27861881266526
1,6501.12,687865.32,0,0,0.013696870093932757
1,13689.0,468204.96,0,1,0.305484162116857
0,11506.44,303386.88,0,0,0.07449714747738698
0,12119.88,238446.48,0,0,0.09765774248925986
1,9748.2,403856.16,0,0,0.06231497341455083
1,6233.52,533976.24,0,0,0.012111512824874
0,12451.68,274673.88,0,0,0.11252859719127759
1,3566.88,468983.04,0,0,0.003402879134264939
0,24295.92,115965.48,1,1,0.9740108373955649
1,2706.12,654416.52,0,0,0.002243484451509985
0,10390.92,216770.88,0,0,0.045094683512340916
0,11797.08,204019.8,0,0,0.084896372535284
1,7698.36,220208.76,0,0,0.02435113021210498
1,12728.4,443048.16,0,0,0.2172511230593309
1,13473.0,565689.96,0,0,0.2834494137861983
0,10164.72,164895.96,0,0,0.04069400428232301
0,14587.68,196844.28,0,0,0.2615355389377227
1,3384.48,606012.96,0,0,0.003107951905092991
1,6001.92,413252.52,0,0,0.010883379188761864
1,23139.36,425905.56,1,1,0.9762397248560839
0,20061.72,240894.12,0,1,0.8303792613893819
1,3528.24,709542.0,0,0,0.0033207105978719054
1,0.0,502371.12,0,0,0.0006154284731670596
0,10777.32,289977.0,0,0,0.05369707741850544
1,9427.92,461562.0,0,0,0.053841079561758626
1,7251.84,439113.12,0,0,0.019641282376769067
1,10536.12,183155.28,0,0,0.08886740699061059
1,17718.12,515812.92,1,1,0.7523874137298551
1,14220.36,399582.0,0,1,0.36249056941335744
1,12985.44,519076.8,0,0,0.23861743971522306
1,0.0,344725.44,0,0,0.0006178431784629734
0,20634.84,224355.6,0,1,0.8657407927732903
0,21473.76,212013.36,1,1,0.9060883699955714
1,2586.48,663341.16,0,0,0.0021180790704573996
1,17092.2,454152.0,0,1,0.6926401061039648
1,7710.48,418725.48,0,0,0.0243721198941817
1,11312.88,466906.56,0,0,0.12327577798939549
1,16359.72,424652.4,0,1,0.613405670926332
1,53.64,541894.92,0,0,0.0006308492340470616
1,2395.08,330952.2,0,0,0.0019485265885364896
0,6775.68,292104.36,0,0,0.008244309429702631
1,9764.64,557040.0,0,0,0.06255399920412819
1,27460.92,624522.84,1,1,0.9969361282220925
1,20902.92,420809.16,1,1,0.9335397318753238
1,3749.04,565428.0,0,0,0.0037037854415053334
1,21712.92,401440.92,1,1,0.9539833217803637
1,11257.08,556449.84,0,0,0.12017469244698915
1,9723.36,615397.8,0,0,0.061318596600386924
1,5331.36,682574.52,0,0,0.007859644594051802
0,5378.88,282490.68,0,0,0.004234919643859779
1,8981.88,437443.8,0,0,0.04394555254012223
1,20916.72,267697.56,1,1,0.9341838845403232
1,12849.72,431753.64,0,0,0.22736564751480584
1,9108.36,549292.56,0,0,0.04644466043311399
1,27.48,458238.24,0,0,0.0006242785072611747
1,10601.64,530487.96,0,0,0.09073214800295008
1,4189.92,466132.2,0,0,0.004583908692585914
1,16400.76,425106.12,0,1,0.6180636778191481
1,3507.24,726986.76,0,0,0.0032860965533900964
1,7581.6,393030.24,0,0,0.02295802185853002
1,7651.2,628173.12,0,0,0.023584456953389583
0,15286.08,187123.68,0,1,0.33124820872462674
0,12005.04,168852.12,0,0,0.09305291920175586
0,7468.92,156864.36,0,0,0.011499874469274082
0,4584.0,239420.64,0,0,0.002898668566434288
1,8908.56,411184.32,0,0,0.042517052225344264
1,8873.04,487883.4,0,0,0.04175205557660777
1,19993.32,300657.24,1,1,0.901035036449243
0,6115.32,263146.92,0,0,0.006022622244105014
1,1871.88,601630.2,0,0,0.0015063123254558078
1,17812.8,440775.72,0,1,0.7610955697773873
0,1550.16,246850.2,0,0,0.0006771366876282212
0,21199.8,185081.28,0,1,0.8943492409503084
0,0.0,260633.4,0,0,0.0003217723852968866
1,6574.32,551596.2,0,0,0.01422713345481188
1,11114.04,498020.64,0,0,0.11324846696381503
0,7134.72,158166.0,0,0,0.009811953986411432
1,894.36,229755.0,0,0,0.0009514916822510252
1,15424.44,479102.4,0,1,0.502845969750827
1,14297.76,360486.84,0,1,0.3713455673990556
1,11243.28,482886.0,0,0,0.11966860296462864
1,9016.68,610923.0,0,0,0.04446911716380544
0,5262.24,208804.68,0,0,0.004012580515157354
1,13202.88,411375.12,0,0,0.25860512564773896
1,10256.28,320066.16,0,0,0.07832954824655697
1,10860.48,488541.6,0,0,0.10161130271099915
1,7789.92,444183.24,0,0,0.02527980104799184
1,15384.96,633036.96,0,1,0.4971521263802666
1,16198.92,577236.36,0,1,0.5940365447234704
1,16692.36,639060.24,0,1,0.649303952523081
1,6042.0,438257.16,0,0,0.011085614638832827
1,23639.28,352989.0,1,1,0.981246729152161
1,16361.76,424317.0,0,1,0.6136398173041084
1,10184.28,348510.72,0,0,0.07582115954401161
1,10284.84,319868.28,0,0,0.07932529233101426
1,5532.6,517773.24,0,0,0.008684987963242491
1,4887.84,459424.92,0,0,0.006397332648521095
0,3387.0,237709.2,0,0,0.0016339962651264887
0,15222.48,256042.68,0,1,0.3241456637098064
1,13061.88,458056.44,0,0,0.24562785850144184
1,7833.84,493942.32,0,0,0.025773400971299452
0,19075.68,270502.68,0,1,0.7529307768252578
1,1097.04,557625.48,0,0,0.0010401026454046195
1,15181.56,592626.24,0,1,0.47302257802757286
0,12948.96,215601.24,0,0,0.1388329015851562
0,26021.4,295787.76,1,1,0.9884272810050765
1,10877.04,597787.8,0,0,0.10209000713503733
1,13270.68,425408.76,0,0,0.26482536937092116
0,16878.84,276610.68,0,1,0.5149254341181102
1,9605.88,452590.08,0,0,0.05837419474763221
1,33.48,658065.72,0,0,0.0006229778453099669
1,11491.08,423970.32,0,0,0.1329447144959053
0,19297.8,268296.6,0,1,0.7722345832897899
1,858.96,739059.0,0,0,0.0009237195990930778
0,23515.2,236135.28,0,1,0.9625301221670617
1,2605.92,323705.88,0,0,0.002155977354088462
1,9156.24,419176.2,0,0,0.04761957980443293
1,6295.68,433450.68,0,0,0.012504549520576882
1,8344.44,381352.8,0,0,0.03278575088062118
0,4570.92,264510.84,0,0,0.0028787890056321953
1,21217.68,369145.32,0,1,0.9423909766135015
1,0.0,376363.8,0,0,0.0006173578061298807
1,6824.04,542243.76,0,0,0.01601345970512826
1,16652.4,322358.04,0,1,0.6467246728174674
1,12441.12,418953.48,0,0,0.19481102722657023
1,8761.92,532940.16,0,0,0.03962693086080448
1,19038.0,587111.16,1,1,0.8510837351432998
1,16475.28,425613.12,0,1,0.6264677387730976
1,21843.96,375720.0,0,1,0.9566933962646608
1,2403.24,443116.8,0,0,0.0019507228644821558
0,10632.72,124543.68,0,0,0.050474364244254284
0,17038.44,124812.6,0,1,0.5349670454737344
1,11017.44,644522.64,0,0,0.10832287189227763
0,17135.28,151995.12,0,1,0.5463421745894125
1,3645.36,536941.44,0,0,0.0035271024834878043
1,16464.48,434258.88,0,1,0.6252035627777324
1,2065.92,340450.44,0,0,0.0016638484400273966
1,8821.08,539199.84,0,0,0.04071572842408638
0,4605.84,141330.48,0,0,0.0029362539500409355
1,11708.88,473438.76,0,0,0.14531118797372342
0,3260.76,170581.08,0,0,0.0015406407077940586
1,123.72,451083.72,0,0,0.0006538891319883112
1,19841.16,539580.36,0,1,0.8937666242188131
1,10529.04,275975.4,0,0,0.08840652909300502
0,9388.2,272312.04,0,0,0.028318542669881385
1,24762.84,448473.12,1,1,0.9889516659274938
0,8130.6,248940.24,0,0,0.015695676571639876
1,8890.44,558494.52,0,0,0.04201677438369918
1,2786.52,133812.6,0,0,0.002361841503684783
1,13510.56,592312.08,0,0,0.28698982484027413
1,11923.8,321227.52,0,0,0.15910266911634124
1,15178.56,532308.72,0,1,0.4730373567649043
1,21830.88,443634.6,0,1,0.956362146119453
1,9676.56,485448.84,0,0,0.06022086713671402
0,10344.72,145025.4,0,0,0.044224694374458313
0,8818.8,142416.84,0,0,0.02176212648478617
0,14149.92,203080.8,0,0,0.22299928660410676
0,7680.0,238800.12,0,0,0.012684916877814338
0,9469.2,223843.56,0,0,0.02944258823447395
1,2897.28,362059.44,0,0,0.0024764246928668733
1,861.48,383588.88,0,0,0.0009330363412722968
1,10793.52,436022.64,0,0,0.0988309591777507
1,13986.48,604098.84,1,1,0.33583490427161483
1,5086.56,441396.6,0,0,0.007036192258670565
1,2137.8,345431.52,0,0,0.0017219408066695412
0,12894.96,222892.2,0,0,0.1357417437465178
1,12834.36,416328.0,0,0,0.22614021913954077
0,5468.64,151048.8,0,0,0.004434936425876914
1,2363.28,425861.4,0,0,0.0019145550339224313
1,6630.6,579212.04,0,0,0.014601119638277623
1,6826.08,444894.48,0,0,0.016067103115490068
0,10488.24,295623.72,0,0,0.047061443979304896
0,17128.08,274913.16,0,1,0.5447279210301986
1,15604.08,570966.48,0,1,0.5238129235534437
1,4265.28,553770.24,0,0,0.004741655726835329
1,7890.36,489687.36,0,0,0.026466128926017494
1,7230.6,513576.96,0,0,0.01941067634493065
1,11032.08,519454.8,0,0,0.10930574211555177
0,12360.6,117124.8,0,0,0.10861476943007263
0,8778.12,318064.08,0,0,0.021259285527019226
0,4131.72,171074.88,0,0,0.002338308853737208
0,14532.48,202777.56,0,0,0.25642278582491146
1,0.0,682751.52,0,0,0.0006126771011820471
1,13668.12,443502.96,0,1,0.30349179889871236
1,13541.64,594488.4,0,0,0.29004091817553784
1,24902.28,490589.88,1,1,0.989648793215544
1,16885.08,524135.76,0,1,0.6706969172118878
1,19349.64,507374.76,0,1,0.8692891729746729
1,6215.88,545940.12,0,0,0.012007098232926313
0,15965.88,165185.28,0,1,0.4071617391100285
1,7297.32,563553.48,0,0,0.02000532597395661
1,2202.96,613791.36,0,0,0.001764759208556788
1,10648.08,669020.64,0,0,0.09229905004346234
0,15079.32,269922.0,0,1,0.30920404022393716
1,15231.48,522974.4,0,1,0.4794308935969122
0,0.0,160010.88,0,0,0.0003225778913192281
1,4008.24,490992.36,0,0,0.004200137775969715
0,13616.4,240816.24,0,0,0.18163814000609205
1,4171.2,591995.88,0,0,0.004528966099403979
1,14622.6,614699.04,0,1,0.406886536122569
0,11049.36,170338.44,0,0,0.06090179289193526
1,11941.44,567441.96,0,0,0.1594169269798259
1,18598.68,574995.48,1,1,0.8223811254751404
0,17042.4,273489.6,0,1,0.5345205308679655
1,18147.12,427833.24,0,1,0.7890956875533294
1,12218.64,478719.6,0,0,0.17838645144988016
1,5217.36,469189.08,0,0,0.007483546187351195
1,8673.24,251545.32,0,0,0.03829519717620257
0,2167.44,251706.72,0,0,0.0009103230089121372
0,10873.44,231309.6,0,0,0.05616749406471474
1,6673.44,530374.92,0,0,0.014917767034791455
1,9048.0,348248.76,0,0,0.04539436394332823
1,0.0,356656.08,0,0,0.0006176601026283933
1,11178.96,632445.48,0,0,0.11607233519901103
0,2647.92,241782.96,0,0,0.0011464543610599108
1,7518.24,590484.0,0,0,0.02217898606321263
1,14416.2,430300.8,0,1,0.38430022657753493
1,5148.84,577317.72,0,0,0.007223883723444037
1,0.0,588123.24,0,0,0.0006141189455572684
1,6110.4,556420.68,0,0,0.01141816374531857
1,5522.76,567662.64,0,0,0.008633799274801016
0,17387.4,339286.08,0,1,0.5749946391647733
0,10847.04,242956.68,0,0,0.055484341286601645
1,2180.64,442296.72,0,0,0.001753432131874728
0,17376.72,252339.48,0,1,0.5742698894528834
1,3598.68,419042.16,0,0,0.003459312372679018
1,12757.92,415704.72,0,0,0.21978676627282467
0,5232.12,210053.4,0,0,0.003955093791745121
1,1663.08,461255.88,0,0,0.001367621613256618
1,5629.8,364400.64,0,0,0.009130427482882546
1,12459.84,540691.68,0,0,0.19574750433887556
1,10368.48,550583.16,0,0,0.0818750660374186
1,13697.28,334972.8,0,1,0.30703212173176714
1,10465.8,486292.08,0,0,0.08558068701427164
1,2356.68,359191.92,0,0,0.001911670328542156
1,3840.12,690761.88,0,0,0.003856665826893353
1,0.0,537051.0,0,0,0.0006148985381422149
1,7159.44,369175.92,0,0,0.018837352043537536
1,7496.76,459902.04,0,0,0.02202629937077692
0,7485.12,230303.64,0,0,0.011567711861909602
1,0.0,381909.12,0,0,0.0006172727731864682
0,12055.8,166437.0,0,0,0.09513472082672181
1,13795.92,415621.68,0,1,0.3167623649423941
1,6417.0,356221.56,0,0,0.013269498052190364
1,11847.0,600549.12,0,0,0.15332918982536223
1,21769.32,395734.92,0,1,0.9551632792649203
1,2496.6,562086.24,0,0,0.0020339307998539667
1,7010.28,440121.48,0,0,0.017528325508497675
1,11583.24,554621.52,0,0,0.1377408238696704
0,7876.56,318946.56,0,0,0.013895143419217597
1,5696.04,504705.36,0,0,0.009390107764752614
1,0.0,483093.6,0,0,0.0006157232457294989
1,481.08,399340.44,0,0,0.0007771437039602748
1,9572.76,379401.6,0,0,0.05760518354918912
1,6024.36,378896.52,0,0,0.011009231640978915
1,0.0,558515.88,0,0,0.0006145707669070857
1,15333.6,679267.2,0,1,0.4907029896245273
1,6769.56,452349.36,0,0,0.01564096271398871
0,0.0,240813.72,0,0,0.0003219308871324448
1,8745.84,403944.84,0,0,0.03945558319112365
1,3042.24,450074.52,0,0,0.0026486050443457906
1,4993.56,263527.44,0,0,0.006760708379988319
0,10974.24,90306.96,0,0,0.0589823235445038
0,14459.04,136069.92,0,0,0.2500704648834144
0,22638.6,77605.8,0,1,0.9442345546412555
1,10867.68,567256.2,0,0,0.1017482547865516
1,17322.12,566464.2,0,1,0.7150535169044098
1,6295.32,487956.48,0,0,0.012485700985512847
1,7287.36,437855.88,0,0,0.019972879765897483
1,4779.36,360021.6,0,0,0.006089667604408349
1,13114.92,545753.64,0,0,0.24996669229976395
0,10659.72,274819.56,0,0,0.050918287943957335
1,12104.16,823324.92,0,0,0.16926701230227803
1,16629.6,539799.6,0,1,0.642980696286534
1,6178.2,451882.2,0,0,0.01182171294809606
0,9705.96,225498.72,0,0,0.03286817154253728
1,4101.24,499952.88,0,0,0.00439005505453658
1,7510.44,645072.48,0,0,0.022068637156414817
1,3597.36,347010.48,0,0,0.003463302588679711
1,5224.68,394887.96,0,0,0.007523464758171631
0,14953.44,118160.4,0,0,0.297236863920466
0,14932.32,230784.6,0,0,0.29454171382215066
0,15309.84,115343.52,0,1,0.3341762123763836
0,16414.32,149877.72,0,1,0.46006285956139276
1,15109.8,375163.68,0,1,0.4657903741789331
1,3907.08,549719.76,0,0,0.003996056677439864
0,12177.24,146878.56,0,0,0.10031608136754352
1,3394.68,505584.84,0,0,0.0031309386723159223
1,0.0,329470.92,0,0,0.0006180773382820824
1,16189.32,340085.28,0,1,0.5943468078288257
0,18293.88,190150.44,0,1,0.6772266522567564
1,9241.44,598280.28,0,0,0.04929982620972734
1,842.28,434603.52,0,0,0.0009233148795367811
0,12798.6,186637.08,0,0,0.13050886594160752
0,7454.04,210044.28,0,0,0.011404057040656295
0,8098.2,189577.56,0,0,0.015479691244404807
1,3027.96,461181.84,0,0,0.00262983673660446
1,10555.44,404186.28,0,0,0.08917389565179465
1,6014.04,427977.72,0,0,0.010942219057035796
0,6416.28,224754.84,0,0,0.006958673194943152
0,6123.6,236190.72,0,0,0.006050488056489004
1,10438.2,403069.68,0,0,0.08470991144568776
1,20064.36,603928.44,1,1,0.903378287523164
1,11841.12,535265.4,0,0,0.15317352197172948
0,6674.16,259809.96,0,0,0.00786155519754318
1,5206.32,366978.96,0,0,0.007463085338890713
1,4254.84,371453.76,0,0,0.004739393872884018
1,14525.04,541357.92,0,1,0.39607294611741733
1,0.0,353704.56,0,0,0.0006177053886956423
1,12948.96,439635.36,0,0,0.23580652078395253
1,15193.32,356382.24,0,1,0.4758941785065244
1,16179.6,469987.92,0,1,0.592442125338051
1,6346.44,466577.76,0,0,0.012798589804938131
1,7121.16,443949.84,0,0,0.018467030313524122
1,4989.24,296889.0,0,0,0.006741244499431711
1,4290.12,796856.16,0,0,0.00476948839474894
0,6396.12,246677.04,0,0,0.0068883967111829
0,7257.12,232432.2,0,0,0.010380513903976714
1,7212.96,303832.44,0,0,0.019348846188279166
1,11437.8,351936.48,0,0,0.13022711749875704
1,0.0,576307.44,0,0,0.0006142992200487158
1,1532.52,329806.8,0,0,0.0012888539836314664
1,7417.56,358035.48,0,0,0.02127479490096097
1,0.0,443630.04,0,0,0.0006163271231903511
1,2467.68,453197.88,0,0,0.0020113746667196966
1,15643.56,480125.64,0,1,0.5290998787674536
1,2589.0,267055.08,0,0,0.002141583350868452
0,15531.48,209335.2,0,1,0.3577115325270091
0,10986.84,271036.08,0,0,0.05906872445095062
0,0.0,216384.84,0,0,0.0003221263570297883
1,3526.44,680121.6,0,0,0.003320271426007734
1,12692.16,476496.36,0,0,0.21416775326969884
1,10302.48,228862.2,0,0,0.08011239128741258
1,2439.12,558217.56,0,0,0.0019788828999868046
1,7292.64,501502.68,0,0,0.019991528773812665
1,8918.16,603011.04,0,0,0.042510532768643514
0,4154.64,214398.36,0,0,0.002361575286845467
1,8205.72,492055.92,0,0,0.03065692366989532
1,10552.44,356365.8,0,0,0.08915348407864705
1,12320.4,406980.6,0,0,0.1859275514655531
1,10785.12,459204.96,0,0,0.09842131151909736
1,5193.48,626857.08,0,0,0.007370165988494741
1,17552.28,606105.0,0,1,0.7368271518487957
1,16317.6,554822.88,0,1,0.6078296871701221
1,6851.04,558830.04,0,0,0.01621237048140699
1,15785.64,357700.2,0,1,0.5468048949034966
0,14778.72,188732.04,0,0,0.2796685517555129
0,10382.52,264978.96,0,0,0.04487000686194602
1,18087.0,288690.24,0,1,0.7848378624639305
0,18043.2,224527.32,0,1,0.6501913613535752
1,7225.2,642644.64,0,0,0.01930058851858866
1,12686.76,697602.36,0,0,0.2128097627711729
1,13594.32,304829.64,0,0,0.29677543873304774
1,8848.2,603177.12,0,0,0.0411643856853194
0,12375.6,146344.56,0,0,0.1092430972324483
0,3722.4,176075.16,0,0,0.0019217894377397714
1,6220.44,330326.76,0,0,0.012096968606802937
1,6752.4,468813.0,0,0,0.01550840782588988
1,6592.68,469577.88,0,0,0.014380120442748138
1,9019.56,606750.0,0,0,0.04453230487103134
1,549.84,390307.68,0,0,0.0008033791587688566
0,11340.6,253146.48,0,0,0.06927194953108687
0,7656.84,215068.8,0,0,0.012553757873038706
0,15879.48,253791.72,0,1,0.3966642798610149
0,14463.72,238674.84,0,0,0.25001345885582094
1,7803.0,401708.88,0,0,0.025461142358884897
1,12887.4,346148.88,0,0,0.23093608134191476
1,4527.6,507089.88,0,0,0.00538066538688155
1,11853.72,309719.76,0,0,0.1546912639939995
1,12864.36,564351.12,0,0,0.22802175796796229
1,5318.16,451679.76,0,0,0.007854992921354408
1,13154.64,367839.12,0,0,0.2543958917879246
0,13004.4,210272.76,0,0,0.14206116422331927
1,13839.96,455233.08,0,1,0.3211401148220196
0,7248.72,254252.52,0,0,0.010333629706288476
0,15686.4,232578.48,0,1,0.37483486224952917
1,0.0,282747.48,0,0,0.0006187951040779076
1,1962.96,698649.36,0,0,0.0015697334973991176
0,9775.56,275377.92,0,0,0.0339061882588865
0,11893.08,202109.28,0,0,0.0885490911808661
1,12728.76,592761.24,0,0,0.2166483130011512
1,14345.76,461431.68,0,1,0.37615075120242436
1,4425.6,414312.48,0,0,0.005136673346494186
0,13655.4,265331.52,0,0,0.18434561700162772
0,15023.88,227064.36,0,1,0.30377452957027473
1,0.0,507416.16,0,0,0.000615351352746357
1,0.0,500320.68,0,0,0.0006154598197416905
0,746.88,243210.0,0,0,0.0004606433241010859
1,15049.56,449475.12,0,1,0.4581448019248644
1,0.0,443399.4,0,0,0.0006163306542182524
1,11140.92,497789.28,0,0,0.11455116929790919
1,18605.4,675282.12,1,1,0.8224881373106914
1,0.0,286921.68,0,0,0.0006187309461181326
0,7550.52,192092.28,0,0,0.01194338884636135
1,2617.32,465193.32,0,0,0.0021601873134701973
1,0.0,570675.6,0,0,0.0006143851640380848
0,13328.16,231930.96,0,0,0.16200078697071374
1,15599.04,530574.48,0,1,0.5234599331092
1,1641.96,163032.0,0,0,0.001363905496180055
0,14219.28,301305.12,0,0,0.22839029424319204
1,10213.2,641202.84,0,0,0.07628535266761317
0,1531.92,167306.88,0,0,0.0006725658514598635
1,13781.4,475945.44,0,1,0.3149323976515405
1,20728.2,489493.68,0,1,0.9280297131200597
1,10982.4,377075.4,0,0,0.10734438262989439
1,18895.8,366714.12,0,1,0.8429510887578006
1,6736.08,532847.88,0,0,0.015365165380772094
1,13489.68,552626.16,0,0,0.28514448165473427
0,8547.0,256884.48,0,0,0.01909807917071073
1,0.0,410735.4,0,0,0.0006168309343111497
1,19455.0,463090.8,0,1,0.8750491384904066
1,8491.8,423216.24,0,0,0.03506906563199174
1,9780.6,410402.16,0,0,0.06322023446195331
1,15619.8,467027.88,0,1,0.5263387205608272
0,5422.92,267795.12,0,0,0.004326572999857565
1,9572.52,476132.4,0,0,0.057468561177998145
0,10032.12,88856.64,0,0,0.038350431168281705
1,17439.84,357960.72,0,1,0.7274536090387101
1,14814.12,603521.16,0,1,0.42931456345767427
0,13231.56,128063.04,0,0,0.15614440973767532
1,15244.68,516387.24,0,1,0.4810532119156934
1,13178.76,507982.68,0,0,0.2559341471619357
1,16593.36,434787.84,0,1,0.6395797448885814
1,7246.2,677617.44,0,0,0.019475695030736224
1,10877.76,565223.88,0,0,0.10219592961353181
1,16635.6,652853.76,0,1,0.6429967309565021
0,11356.44,150391.92,0,0,0.06992966757637352
1,1127.28,237735.96,0,0,0.001063708396985591
1,7701.6,391543.68,0,0,0.024286983022919133
1,11797.56,239827.2,0,0,0.15142230923406486
1,13217.28,468551.88,0,0,0.2596592091900244
1,19929.96,645050.4,0,1,0.8975051996502366
1,19126.08,366841.92,0,1,0.8570348453185339
1,16066.56,390006.96,0,1,0.5797632448947345
1,12295.32,412812.24,0,0,0.18409063545376483
0,6634.56,171850.32,0,0,0.007731437147851145
1,14221.2,515636.64,0,1,0.3619173333768077
1,5165.88,479053.68,0,0,0.007300455908582784
1,4478.16,369912.96,0,0,0.005273001786217562
0,24052.68,226330.2,1,1,0.9708084514579343
1,3365.52,314554.92,0,0,0.0031022066259612647
0,15149.76,187635.12,0,1,0.31691445272964197
1,11001.0,701639.16,0,0,0.10742685519774992
1,10339.08,394812.12,0,0,0.08110862964347453
1,5403.72,554072.76,0,0,0.008160967785193138
1,7896.24,364699.56,0,0,0.02661932055451518
0,15628.08,195507.24,0,1,0.36851305500921216
1,1602.12,594196.08,0,0,0.0013238620923289748
1,8082.72,590036.76,0,0,0.028881909657576112
1,7947.84,381784.2,0,0,0.027257365148249727
1,5084.52,391683.48,0,0,0.007037984489442103
0,6476.04,226227.24,0,0,0.007159452175464667
0,12851.4,152490.96,0,0,0.1335098535570934
1,590.52,365413.8,0,0,0.0008197133125522087
1,4919.76,535693.08,0,0,0.006483236633339461
0,9130.8,240841.8,0,0,0.02512918152627357
0,19646.88,201014.04,0,1,0.8006233680681282
1,16202.04,517769.52,0,1,0.5947539317661199
1,13312.92,770558.28,0,0,0.2671086335435817
1,5173.92,620730.48,0,0,0.0073029027850858306
1,14702.76,472066.32,0,1,0.41706559197301146
1,23.76,508570.44,0,0,0.0006223869103724195
0,15447.48,158591.64,0,1,0.3487887878343541
0,21678.6,211778.4,0,1,0.914127546035015
0,19787.64,184829.76,0,1,0.8112509149634696
0,7531.8,214421.28,0,0,0.011831330308804218
1,10694.28,430346.04,0,0,0.09468101855035112
1,8207.28,422794.08,0,0,0.03073041891883405
1,13247.04,633858.36,0,0,0.26162006084308365
1,4595.52,523751.4,0,0,0.005555686473301006
1,7119.36,482725.68,0,0,0.01843392965249139
1,5319.0,438565.92,0,0,0.007860677295226458
0,9589.92,234568.92,0,0,0.031136225499210027
0,15716.4,186434.88,0,1,0.37848489909433003
1,12827.88,446059.8,0,0,0.22546730729283448
1,3496.92,652905.48,0,0,0.003275919427294751
0,10067.64,256889.4,0,0,0.038827987380829966
1,18838.08,513376.56,0,1,0.8387561206028785
1,15105.12,315976.44,1,1,0.465597494449548
1,9333.84,526931.88,0,0,0.05150708845310053
0,14791.08,265302.96,0,0,0.2804809937434532
1,11624.88,208228.92,0,0,0.14117243704958105
0,17926.44,187519.92,0,1,0.6375527665085711
0,23214.12,205008.6,0,1,0.9569871104916177
0,3503.52,85263.48,0,0,0.0017343700026692893
0,2389.56,238963.2,0,0,0.0010129539831535439
1,2948.52,485550.6,0,0,0.0025301702520221284
1,7417.56,334425.48,0,0,0.02128701756573351
1,22598.4,569259.12,0,1,0.9693050562405182
0,25608.24,214771.8,0,1,0.9859525979012317
1,9608.52,435773.28,0,0,0.05846688962649062
1,6796.44,468399.84,0,0,0.015834630924874492
0,9806.16,145273.56,0,0,0.03449815093017727
0,8532.36,152229.84,0,0,0.019015348546316653
0,8053.56,142289.76,0,0,0.015174076302209301
1,8370.72,501064.8,0,0,0.033092769965245204
0,2881.2,253704.48,0,0,0.001281730830872452
1,2890.08,673069.8,0,0,0.002448944878849013
1,6008.76,400872.6,0,0,0.010922101370963397
1,8200.32,351231.96,0,0,0.030683929167458792
1,4256.4,358716.48,0,0,0.004744421735093102
0,13720.8,191966.04,0,0,0.18939220379189936
1,1496.4,782532.84,0,0,0.0012525735451815727
1,19179.6,556855.92,0,1,0.8595844885233512
0,7377.36,221846.76,0,0,0.010993306156815593
1,8197.8,533274.36,0,0,0.030513835697005852
1,14281.68,332816.88,0,1,0.3697058506988123
1,2020.44,572214.36,0,0,0.0016186436858322897
1,4999.56,639075.36,0,0,0.006717503760616376
0,11992.68,284263.8,0,0,0.09231281152714108
1,6138.24,524846.16,0,0,0.011578965061072598
1,8072.52,570391.08,0,0,0.028758546512989484
0,22210.68,258909.12,0,1,0.9320947993037778
1,15555.24,542713.44,0,1,0.518138026968873
0,17996.64,158287.8,0,1,0.6454684819895776
1,11275.68,460747.32,0,0,0.12137528243398925
0,80.76,260348.4,0,0,0.00033448825013264086
